name,datetime,temp,feelslike,dew,humidity,precip,precipprob,preciptype,snow,snowdepth,windgust,windspeed,winddir,cloudcover,visibility,solarradiation,solarenergy,uvindex,severerisk,conditions,icon,stations
Sydney,2022-11-01T00:00:00,21.3,21.3,18.6,84.22,0,0,rain,0,0,54,16.6,5,100,25,0,0,0,3,Overcast,cloudy,"94767099999,94766099999,95765099999,94768099999,94759099999,94765099999"
Sydney,2022-11-01T01:00:00,22.6,22.6,18.3,76.54,0,0,rain,0,0,60.1,23.1,354,98,10,0,0,0,10,Overcast,cloudy,"94767099999,94766099999,95765099999,94768099999,94759099999,94765099999"
Sydney,2022-11-01T02:00:00,23,23,17.5,71.1,0,0,rain,0,0,56.5,25,349,97.7,13.4,0,0,0,10,Overcast,cloudy,"94767099999,94766099999,95765099999,94768099999,94759099999,94765099999"
Sydney,2022-11-01T03:00:00,22.7,22.7,16.4,67.76,0.335,100,rain,0,0,54,28.1,340,91.5,30,0,0,0,10,"Rain, Overcast",rain,"94767099999,94766099999,95765099999,94768099999,94759099999,94765099999"
Sydney,2022-11-01T04:00:00,22.4,22.4,15.5,65.37,0,0,rain,0,0,44.3,20.2,327,100,10,0,0,0,10,Overcast,cloudy,"94767099999,94766099999,95765099999,94768099999,94759099999,94765099999"
Sydney,2022-11-01T05:00:00,21.9,21.9,15,64.9,0,0,,0,0,42.1,26.3,296,100,10,0,0,0,10,Overcast,cloudy,"94767099999,94766099999,95765099999,94768099999,94759099999,94765099999"
Sydney,2022-11-01T06:00:00,19.7,19.7,9,49.95,0,0,,0,0,48.6,29,297,91.5,30,37,0.1,0,10,Overcast,cloudy,"94767099999,94766099999,95765099999,D5330,94768099999,94759099999,94765099999"
Sydney,2022-11-01T07:00:00,18.6,18.6,7.9,49.77,0,0,,0,0,58.7,24.2,307,93.7,10,37,0.1,0,10,Overcast,cloudy,"94767099999,94766099999,95765099999,D5330,94768099999,94759099999,94765099999"
Sydney,2022-11-01T08:00:00,18.5,18.5,7.1,47.44,0,0,,0,0,56.2,30.1,296,86.2,10,37,0.1,0,10,Partially cloudy,partly-cloudy-day,"94767099999,94766099999,95765099999,D5330,94768099999,94759099999,94765099999"
Sydney,2022-11-01T09:00:00,19.3,19.3,7.1,45.03,0,0,,0,0,49.7,28,284,27,30,37,0.1,0,10,Partially cloudy,partly-cloudy-day,"94767099999,94766099999,95765099999,D5330,94768099999,94759099999,94765099999"
Sydney,2022-11-01T10:00:00,19.9,19.9,5.8,39.63,0,0,,0,0,49.3,33.7,287,2.5,10,37,0.1,0,10,Clear,clear-day,"94767099999,94766099999,95765099999,D5330,94768099999,94759099999,94765099999"
Sydney,2022-11-01T11:00:00,20.9,20.9,5.1,35.71,0,0,,0,0,49.7,32.6,290,1.8,10,37,0.1,0,10,Clear,clear-day,"94767099999,94766099999,95765099999,D5330,94768099999,94759099999,94765099999"
Sydney,2022-11-01T12:00:00,21.2,21.2,3.9,31.99,0,0,,0,0,45.7,36.4,293,13,30,37,0.1,0,10,Clear,clear-day,"94767099999,94766099999,95765099999,D5330,94768099999,94759099999,94765099999"
Sydney,2022-11-01T13:00:00,22.6,22.6,5,31.9,0,0,,0,0,44.6,33.9,279,5,10,37,0.1,0,10,Clear,clear-day,"94767099999,94766099999,95765099999,D5330,94768099999,94759099999,94765099999"
Sydney,2022-11-01T14:00:00,22.6,22.6,6.1,34.24,0,0,,0,0,42.5,29.6,310,5,10,37,0.1,0,10,Clear,clear-day,"94767099999,94766099999,95765099999,D5330,94768099999,94759099999,94765099999"
Sydney,2022-11-01T15:00:00,23.1,23.1,4.7,30.38,0.18,100,rain,0,0,43.6,27.6,278,30,30,37,0.1,0,10,"Rain, Partially cloudy",rain,"94767099999,94766099999,95765099999,D5330,94768099999,94759099999,94765099999"
Sydney,2022-11-01T16:00:00,21.5,21.5,3.8,31.38,0,0,,0,0,45.4,27.7,275,18.2,10,37,0.1,0,10,Clear,clear-day,"94767099999,94766099999,95765099999,D5330,94768099999,94759099999,94765099999"
Sydney,2022-11-01T17:00:00,18.8,18.8,7.7,48.36,0,0,,0,0,43.2,25.3,255,20.9,10,37,0.1,0,10,Partially cloudy,partly-cloudy-day,"94767099999,94766099999,95765099999,D5330,94768099999,94759099999,94765099999"
Sydney,2022-11-01T18:00:00,18,18,7.8,51.18,0,0,,0,0,44.6,21,279,60,10,37,0.1,0,10,Partially cloudy,partly-cloudy-day,"94767099999,94766099999,95765099999,D5330,94768099999,94759099999,94765099999"
Sydney,2022-11-01T19:00:00,18.1,18.1,7.1,48.49,0,0,,0,0,49,20.4,297,4.9,10,37,0.1,0,10,Clear,clear-day,"94767099999,94766099999,95765099999,D5330,94768099999,94759099999,94765099999"
Sydney,2022-11-01T20:00:00,16.3,16.3,6.8,53.22,0,0,,0,0,56.5,29.4,313,95.6,10,37,0.1,0,10,Overcast,cloudy,"94767099999,94766099999,95765099999,D5330,94768099999,94759099999,94765099999"
Sydney,2022-11-01T21:00:00,15.9,15.9,6.8,54.89,0.492,100,rain,0,0,59,27,315,91.5,30,0,0,0,10,"Rain, Overcast",rain,"94767099999,94766099999,95765099999,94768099999,94759099999,94765099999"
Sydney,2022-11-01T22:00:00,15.2,15.2,7.5,60.03,0,0,,0,0,54,27.1,308,85.7,10,0,0,0,10,Partially cloudy,partly-cloudy-night,"94767099999,94766099999,95765099999,94768099999,94759099999,94765099999"
Sydney,2022-11-01T23:00:00,14.5,14.5,4.9,52.67,0,0,,0,0,50,23,308,39.8,10,0,0,0,10,Partially cloudy,partly-cloudy-night,"94767099999,94766099999,95765099999,94768099999,94759099999,94765099999"
Sydney,2022-11-02T00:00:00,13.8,13.8,5.2,56.03,0,0,rain,0,0,48.2,23.6,301,83,30,0,0,0,10,Partially cloudy,partly-cloudy-night,"94767099999,94766099999,95765099999,94768099999,94759099999,94765099999"
Sydney,2022-11-02T01:00:00,13.3,13.3,4.6,55.5,0,0,,0,0,40,20.9,301,41.3,10,0,0,0,10,Partially cloudy,partly-cloudy-night,"94767099999,94766099999,95765099999,94768099999,94759099999,94765099999"
Sydney,2022-11-02T02:00:00,12.6,12.6,4,55.58,0,0,,0,0,49.7,23,285,25.4,10,0,0,0,10,Partially cloudy,partly-cloudy-night,"94767099999,94766099999,95765099999,94768099999,94759099999,94765099999"
Sydney,2022-11-02T03:00:00,12.2,12.2,3.2,54.17,0,0,,0,0,52.2,14.7,289,10,30,0,0,0,10,Clear,clear-night,"94767099999,94766099999,95765099999,94768099999,94759099999,94765099999"
Sydney,2022-11-02T04:00:00,11.9,11.9,3.4,55.87,0,0,,0,0,52.2,13.3,278,5.2,10,0,0,0,10,Clear,clear-night,"94767099999,94766099999,95765099999,94768099999,94759099999,94765099999"
Sydney,2022-11-02T05:00:00,11.4,11.4,2.9,56.04,0,0,,0,0,54,23.3,266,5,10,0,0,0,10,Clear,clear-night,"94767099999,94766099999,95765099999,94768099999,94759099999,94765099999"
Sydney,2022-11-02T06:00:00,11.1,11.1,2.6,55.71,0,0,,0,0,58.7,21,270,10,40,37,0.1,0,10,Clear,clear-day,"94767099999,94766099999,95765099999,D5330,94768099999,94759099999,94765099999"
Sydney,2022-11-02T07:00:00,11.5,11.5,2.6,54.34,0,0,,0,0,58,26.3,274,1.2,24.1,30,0.1,0,10,Clear,clear-day,"94767099999,94766099999,95765099999,D5330,94768099999,94759099999,94765099999"
Sydney,2022-11-02T08:00:00,12.7,12.7,1.1,45.13,0,0,,0,0,53.3,31.1,277,4.4,10,37,0.1,0,10,Clear,clear-day,"94767099999,94766099999,95765099999,D5330,94768099999,94759099999,94765099999"
Sydney,2022-11-02T09:00:00,14.1,14.1,1.7,42.98,0,0,,0,0,50.4,23.7,261,10,40,37,0.1,0,10,Clear,clear-day,"94767099999,94766099999,95765099999,D5330,94768099999,94759099999,94765099999"
Sydney,2022-11-02T10:00:00,15.7,15.7,1.3,37.53,0,0,,0,0,49.3,31.3,258,5,10,37,0.1,0,10,Clear,clear-day,"94767099999,94766099999,95765099999,D5330,94768099999,94759099999,94765099999"
Sydney,2022-11-02T11:00:00,16.5,16.5,0.8,34.71,0,0,,0,0,44.3,31.2,262,5,10,37,0.1,0,10,Clear,clear-day,"94767099999,94766099999,95765099999,D5330,94768099999,94759099999,94765099999"
Sydney,2022-11-02T12:00:00,17.8,17.8,1.1,32.68,0,0,,0,0,38.9,31.4,258,10,40,37,0.1,0,10,Clear,clear-day,"94767099999,94766099999,95765099999,D5330,94768099999,94759099999,94765099999"
Sydney,2022-11-02T13:00:00,18.5,18.5,-0.1,28.42,0,0,,0,0,34.9,28,260,4.7,10,37,0.1,0,10,Clear,clear-day,"94767099999,94766099999,95765099999,D5330,94768099999,94759099999,94765099999"
Sydney,2022-11-02T14:00:00,19.2,19.2,2.1,31.98,0,0,,0,0,33.1,27.9,269,5,10,37,0.1,0,10,Clear,clear-day,"94767099999,94766099999,95765099999,D5330,94768099999,94759099999,94765099999"
Sydney,2022-11-02T15:00:00,19.5,19.5,1,28.96,0.011,100,rain,0,0,34.2,26.9,241,10,40,37,0.1,0,10,Rain,rain,"94767099999,94766099999,95765099999,D5330,94768099999,94759099999,94765099999"
Sydney,2022-11-02T16:00:00,18.7,18.7,0.8,30.05,0,0,,0,0,33.8,29.3,245,27.5,10,37,0.1,0,10,Partially cloudy,partly-cloudy-day,"94767099999,94766099999,95765099999,D5330,94768099999,94759099999,94765099999"
Sydney,2022-11-02T17:00:00,18.2,18.2,1.8,33.2,0,0,,0,0,33.8,28.9,259,5,10,37,0.1,0,10,Clear,clear-day,"94767099999,94766099999,95765099999,D5330,94768099999,94759099999,94765099999"
Sydney,2022-11-02T18:00:00,17.1,17.1,1,33.64,0,0,,0,0,34.2,30.9,257,10,10,37,0.1,0,10,Clear,clear-day,"94767099999,94766099999,95765099999,D5330,94768099999,94759099999,94765099999"
Sydney,2022-11-02T19:00:00,15.6,15.6,2.1,40.01,0,0,,0,0,35.3,28.5,274,0.1,10,37,0.1,0,10,Clear,clear-day,"94767099999,94766099999,95765099999,D5330,94768099999,94759099999,94765099999"
Sydney,2022-11-02T20:00:00,14.4,14.4,2.2,43.8,0,0,,0,0,30.6,22.3,276,1.4,10,5,0,0,10,Clear,clear-night,"94767099999,94766099999,95765099999,D8873,94768099999,94759099999,94765099999"
Sydney,2022-11-02T21:00:00,14,14,2.5,45.59,0,0,,0,0,29.9,17.8,295,10,30,0,0,0,10,Clear,clear-night,"94767099999,94766099999,95765099999,94768099999,94759099999,94765099999"
Sydney,2022-11-02T22:00:00,13.5,13.5,2.5,47.4,0,0,,0,0,28.4,16,296,0,10,0,0,0,10,Clear,clear-night,"94767099999,94766099999,95765099999,94768099999,94759099999,94765099999"
Sydney,2022-11-02T23:00:00,13.1,13.1,2.9,50.01,0,0,,0,0,29.5,15.6,299,0,10,0,0,0,10,Clear,clear-night,"94767099999,94766099999,95765099999,94768099999,94759099999,94765099999"
Sydney,2022-11-03T00:00:00,13,13,3,50.69,0,0,,0,0,28.8,15,301,0,30,0,0,0,10,Clear,clear-night,"94767099999,94766099999,95765099999,94768099999,94759099999,94765099999"
Sydney,2022-11-03T01:00:00,12.4,12.4,3.4,54.3,0,0,,0,0,28.1,13.9,309,0,10,0,0,0,10,Clear,clear-night,"94767099999,94766099999,95765099999,94768099999,94759099999,94765099999"
Sydney,2022-11-03T02:00:00,12,12,3.7,56.9,0,0,,0,0,29.5,12.7,308,1.5,10,0,0,0,10,Clear,clear-night,"94767099999,94766099999,95765099999,94768099999,94759099999,94765099999"
Sydney,2022-11-03T03:00:00,11.5,11.5,4,60.09,0,0,,0,0,29.2,10.5,311,4.2,30,0,0,0,10,Clear,clear-night,"94767099999,94766099999,95765099999,94768099999,94759099999,94765099999"
Sydney,2022-11-03T04:00:00,11.2,11.2,4.7,64.02,0,0,,0,0,29.2,10.9,298,0,10,0,0,0,10,Clear,clear-night,"94767099999,94766099999,95765099999,94768099999,94759099999,94765099999"
Sydney,2022-11-03T05:00:00,11.5,11.5,4.7,62.99,0,0,,0,0,29.2,11.1,298,4.8,10,0,0,0,10,Clear,clear-night,"94767099999,94766099999,95765099999,94768099999,94759099999,94765099999"
Sydney,2022-11-03T06:00:00,11.2,11.2,4.7,64.4,0,0,,0,0,24.5,10.6,296,10,40,37,0.1,0,10,Clear,clear-day,"94767099999,94766099999,95765099999,D5330,94768099999,94759099999,94765099999"
Sydney,2022-11-03T07:00:00,11.9,11.9,4.8,61.62,0,0,,0,0,23,12.8,304,78.8,10,29,0.1,0,10,Partially cloudy,partly-cloudy-day,"94767099999,94766099999,95765099999,D5330,94768099999,94759099999,94765099999"
Sydney,2022-11-03T08:00:00,13.6,13.6,5.5,57.8,0,0,,0,0,37.4,22.6,261,55,24.1,37,0.1,0,10,Partially cloudy,partly-cloudy-day,"94767099999,94766099999,95765099999,D5330,94768099999,94759099999,94765099999"
Sydney,2022-11-03T09:00:00,15.9,15.9,5.4,49.67,0,0,,0,0,32.8,24.1,256,10,40,37,0.1,0,10,Clear,clear-day,"94767099999,94766099999,95765099999,D5330,94768099999,94759099999,94765099999"
Sydney,2022-11-03T10:00:00,18.2,18.2,5.2,42.36,0,0,,0,0,27,29.5,250,0.8,10,37,0.1,0,10,Clear,clear-day,"94767099999,D5330"
Sydney,2022-11-03T11:00:00,19.5,19.5,5.6,40.32,0,0,,0,0,24.5,16.5,245,45.7,10,37,0.1,0,10,Partially cloudy,partly-cloudy-day,"94767099999,94766099999,95765099999,D5330,94759099999,94765099999"
Sydney,2022-11-03T12:00:00,19.9,19.9,3.9,34.83,0,0,,0,0,22,19.1,205,80,40,37,0.1,0,10,Partially cloudy,partly-cloudy-day,"94767099999,94766099999,95765099999,D5330,94768099999,94759099999,94765099999"
Sydney,2022-11-03T13:00:00,18.9,18.9,4,37.38,0,0,,0,0,18.4,23.7,146,100,10,37,0.1,0,10,Overcast,cloudy,"94767099999,94766099999,95765099999,D5330,94768099999,94759099999,94765099999"
Sydney,2022-11-03T14:00:00,18.7,18.7,5.5,41.72,0,0,,0,0,17.3,19.5,142,8.6,10,37,0.1,0,10,Clear,clear-day,"94767099999,94766099999,95765099999,D5330,94768099999,94759099999,94765099999"
Sydney,2022-11-03T15:00:00,19.8,19.8,6.5,42,0.678,100,rain,0,0,18.4,15.9,132,83.9,30,37,0.1,0,10,"Rain, Partially cloudy",rain,"94767099999,94766099999,95765099999,D5330,94768099999,94759099999,94765099999"
Sydney,2022-11-03T16:00:00,21.3,21.3,8.4,43.59,0,0,,0,0,20.9,17.8,126,98.3,10,37,0.1,0,10,Overcast,cloudy,"94767099999,94766099999,95765099999,D5330,94768099999,94759099999,94765099999"
Sydney,2022-11-03T17:00:00,18,18,10.1,59.57,0,0,,0,0,16.6,18.2,137,35.3,24.1,37,0.1,0,10,Partially cloudy,partly-cloudy-day,"94767099999,94766099999,95765099999,D5330,94768099999,94759099999,94765099999"
Sydney,2022-11-03T18:00:00,17.6,17.6,10.5,63.47,0,0,,0,0,15.5,23.1,126,91.5,10,37,0.1,0,10,Overcast,cloudy,"94767099999,94766099999,95765099999,D5330,94768099999,94759099999,94765099999"
Sydney,2022-11-03T19:00:00,16.6,16.6,10.1,65.39,0,0,,0,0,18.7,19.4,136,70.3,10,37,0.1,0,10,Partially cloudy,partly-cloudy-day,"94767099999,94766099999,95765099999,D5330,94768099999,94759099999,94765099999"
Sydney,2022-11-03T20:00:00,16.1,16.1,9.6,65.57,0,0,,0,0,20.2,16.5,129,100,10,37,0.1,0,10,Overcast,cloudy,"94767099999,94766099999,95765099999,D5330,94768099999,94759099999,94765099999"
Sydney,2022-11-03T21:00:00,15.8,15.8,10.6,71.09,0,0,,0,0,19.1,12.9,128,91.5,22,0,0,0,10,Overcast,cloudy,"94767099999,94766099999,95765099999,94768099999,94759099999,94765099999"
Sydney,2022-11-03T22:00:00,15.3,15.3,11.1,76.01,0,0,rain,0,0,17.3,7.5,120,100,10,0,0,0,10,Overcast,cloudy,"94767099999,94766099999,95765099999,94768099999,94759099999,94765099999"
Sydney,2022-11-03T23:00:00,15.3,15.3,10.9,75.03,0,0,rain,0,0,13.3,4.8,121,100,10,0,0,0,10,Overcast,cloudy,"94767099999,94766099999,95765099999,94768099999,94759099999,94765099999"
Sydney,2022-11-04T00:00:00,14.7,14.7,10.4,75.07,0,0,rain,0,0,9.7,9.2,146,88.5,25,0,0,0,10,Partially cloudy,partly-cloudy-night,"94767099999,94766099999,95765099999,94768099999,94759099999,94765099999"
Sydney,2022-11-04T01:00:00,14.9,14.9,11.8,81.57,0,0,rain,0,0,9.7,6.4,159,66.7,10,0,0,0,10,Partially cloudy,partly-cloudy-night,"94767099999,94766099999,95765099999,94768099999,94759099999,94765099999"
Sydney,2022-11-04T02:00:00,14.9,14.9,11.6,80.72,0,0,rain,0,0,10.4,2.8,106,66.8,17.2,0,0,0,10,Partially cloudy,partly-cloudy-night,"94767099999,94766099999,95765099999,94768099999,94759099999,94765099999"
Sydney,2022-11-04T03:00:00,14.4,14.4,10.6,77.99,0.18,100,rain,0,0,10.1,0.9,281,91.5,25,0,0,0,10,"Rain, Overcast",rain,"94767099999,94766099999,95765099999,94768099999,94759099999,94765099999"
Sydney,2022-11-04T04:00:00,14,14,11.3,84.24,0,0,rain,0,0,9.4,2.8,161,97.7,10,0,0,0,10,Overcast,cloudy,"94767099999,94766099999,95765099999,94768099999,94759099999,94765099999"
Sydney,2022-11-04T05:00:00,13.9,13.9,12,88.42,0,0,rain,0,0,9.4,4.6,190,86,10,0,0,0,10,Partially cloudy,partly-cloudy-night,"94767099999,94766099999,95765099999,94768099999,94759099999,94765099999"
Sydney,2022-11-04T06:00:00,13.4,13.4,11.9,90.42,0,0,rain,0,0,7.2,3.2,151,47,25,37,0.1,0,10,Partially cloudy,partly-cloudy-day,"94767099999,94766099999,95765099999,D5330,94768099999,94759099999,94765099999"
Sydney,2022-11-04T07:00:00,13.7,13.7,12.3,90.87,0,0,rain,0,0,4.3,4.2,270,42.6,10,28,0.1,0,10,Partially cloudy,partly-cloudy-day,"94767099999,94766099999,95765099999,D5330,94768099999,94759099999,94765099999"
Sydney,2022-11-04T08:00:00,15.2,15.2,12.8,85.42,0,0,rain,0,0,5.8,3.9,277,34.3,10,37,0.1,0,10,Partially cloudy,partly-cloudy-day,"94767099999,94766099999,95765099999,D5330,94768099999,94759099999,94765099999"
Sydney,2022-11-04T09:00:00,16.1,16.1,12.4,78.77,0,0,rain,0,0,7.6,10.2,115,83,25,37,0.1,0,10,Partially cloudy,partly-cloudy-day,"94767099999,94766099999,95765099999,D5330,94768099999,94759099999,94765099999"
Sydney,2022-11-04T10:00:00,16.2,16.2,13,81.66,0,0,,0,0,8.6,12.4,118,62.5,10,37,0.1,0,10,Partially cloudy,partly-cloudy-day,"94767099999,94766099999,95765099999,D5330,94768099999,94759099999,94765099999"
Sydney,2022-11-04T11:00:00,18.3,18.3,13.7,74.57,0,0,rain,0,0,10.4,16.5,116,52.4,10,37,0.1,0,10,Partially cloudy,partly-cloudy-day,"94767099999,94766099999,95765099999,D5330,94768099999,94759099999,94765099999"
Sydney,2022-11-04T12:00:00,20.9,20.9,11.6,55.39,0,0,,0,0,10.8,14.3,118,66.1,25,37,0.1,0,10,Partially cloudy,partly-cloudy-day,"94767099999,94766099999,95765099999,D5330,94768099999,94759099999,94765099999"
Sydney,2022-11-04T13:00:00,21.1,21.1,12.3,57.01,0,0,,0,0,12.6,14.5,106,46.4,10,37,0.1,0,10,Partially cloudy,partly-cloudy-day,"94767099999,94766099999,95765099999,D5330,94768099999,94759099999,94765099999"
Sydney,2022-11-04T14:00:00,21.2,21.2,12.3,56.94,0,0,,0,0,13,13.3,84,61.1,10,37,0.1,0,10,Partially cloudy,partly-cloudy-day,"94767099999,94766099999,95765099999,D5330,94768099999,94759099999,94765099999"
Sydney,2022-11-04T15:00:00,22.2,22.2,12.9,55.46,0.191,100,rain,0,0,15.8,17.2,94,66.1,25,37,0.1,0,10,"Rain, Partially cloudy",rain,"94767099999,94766099999,95765099999,D5330,94768099999,94759099999,94765099999"
Sydney,2022-11-04T16:00:00,21,21,12.5,58.45,0,0,,0,0,16.2,17.5,88,35.6,10,37,0.1,0,10,Partially cloudy,partly-cloudy-day,"94767099999,94766099999,95765099999,D5330,94768099999,94759099999,94765099999"
Sydney,2022-11-04T17:00:00,19.7,19.7,11.5,58.94,0,0,,0,0,15.8,18.7,73,16.7,10,37,0.1,0,10,Clear,clear-day,"94767099999,94766099999,95765099999,D5330,94768099999,94759099999,94765099999"
Sydney,2022-11-04T18:00:00,18.2,18.2,11.2,63.94,0,0,,0,0,17.3,16.1,67,90,10,37,0.1,0,10,Partially cloudy,partly-cloudy-day,"94767099999,94766099999,95765099999,D5330,94768099999,94759099999,94765099999"
Sydney,2022-11-04T19:00:00,17.5,17.5,11.8,69.19,0,0,,0,0,22,16.3,76,4.9,10,37,0.1,0,10,Clear,clear-day,"94767099999,94766099999,95765099999,D5330,94768099999,94759099999,94765099999"
Sydney,2022-11-04T20:00:00,16.6,16.6,11.2,70.29,0,0,,0,0,21.6,12.5,62,3.8,10,37,0.1,0,10,Clear,clear-night,"94767099999,94766099999,95765099999,D5330,94768099999,94759099999,94765099999"
Sydney,2022-11-04T21:00:00,16.6,16.6,11.2,70.32,0,0,,0,0,19.8,9,60,27,30,0,0,0,10,Partially cloudy,partly-cloudy-night,"94767099999,94766099999,95765099999,94768099999,94759099999,94765099999"
Sydney,2022-11-04T22:00:00,16.2,16.2,11.4,73.31,0,0,,0,0,16.2,6.4,51,4,10,0,0,0,10,Clear,clear-night,"94767099999,94766099999,95765099999,94768099999,94759099999,94765099999"
Sydney,2022-11-04T23:00:00,15.9,15.9,12.3,78.89,0,0,,0,0,14,5.6,37,0.9,10,0,0,0,10,Clear,clear-night,"94767099999,94766099999,95765099999,94768099999,94759099999,94765099999"
Sydney,2022-11-05T00:00:00,15.4,15.4,12,79.89,0,0,,0,0,12.6,2.3,26,20.7,30,0,0,0,10,Partially cloudy,partly-cloudy-night,"94767099999,94766099999,95765099999,94768099999,94759099999,94765099999"
Sydney,2022-11-05T01:00:00,14.8,14.8,11.9,82.88,0,0,,0,0,11.9,3.8,25,13.5,10,0,0,0,10,Clear,clear-night,"94767099999,94766099999,95765099999,94768099999,94759099999,94765099999"
Sydney,2022-11-05T02:00:00,14.7,14.7,12,84.1,0,0,rain,0,0,9.4,3.1,25,7,24.1,0,0,0,10,Clear,clear-night,"94767099999,94766099999,95765099999,94768099999,94759099999,94765099999"
Sydney,2022-11-05T03:00:00,14.3,14.3,12.6,89.25,0,0,rain,0,0,6.1,3.3,290,90,25,0,0,0,10,Partially cloudy,partly-cloudy-night,"94767099999,94766099999,95765099999,94768099999,94759099999,94765099999"
Sydney,2022-11-05T04:00:00,14.4,14.4,12.5,88.3,0,0,,0,0,4.7,2.7,290,0,10,0,0,0,10,Clear,clear-night,"94767099999,94766099999,95765099999,94768099999,94759099999,94765099999"
Sydney,2022-11-05T05:00:00,13.7,13.7,12.1,90.25,0,0,,0,0,4.7,1.3,300,10.8,10,0,0,0,10,Clear,clear-night,"94767099999,94766099999,95765099999,94768099999,94759099999,94765099999"
Sydney,2022-11-05T06:00:00,13.4,13.4,12.1,91.95,0,0,,0,0,4.3,0,289.3,30,25,37,0.1,0,10,Partially cloudy,partly-cloudy-day,"94767099999,94766099999,95765099999,D5330,94768099999,94759099999,94765099999"
Sydney,2022-11-05T07:00:00,13.7,13.7,12.7,94.04,0,0,,0,0,2.9,3.1,307,9.2,10,33,0.1,0,10,Clear,clear-day,"94767099999,94766099999,95765099999,D5330,94768099999,94759099999,94765099999"
Sydney,2022-11-05T08:00:00,15.2,15.2,12.9,86.63,0,0,,0,0,3.6,2.7,327,18.3,10,37,0.1,0,10,Clear,clear-day,"94767099999,94766099999,95765099999,D5330,94768099999,94759099999,94765099999"
Sydney,2022-11-05T09:00:00,17.8,17.8,13.1,74.18,0,0,rain,0,0,10.1,6.7,337,35.4,25,37,0.1,0,10,Partially cloudy,partly-cloudy-day,"94767099999,94766099999,95765099999,D5330,94768099999,94759099999,94765099999"
Sydney,2022-11-05T10:00:00,20.2,20.2,12.3,60.32,0,0,rain,0,0,11.5,9.3,70,31.6,10,37,0.1,0,10,Partially cloudy,partly-cloudy-day,"94767099999,94766099999,95765099999,D5330,94768099999,94759099999,94765099999"
Sydney,2022-11-05T11:00:00,21,21,12.4,57.76,0,0,,0,0,13,12.3,51,41.9,10,37,0.1,0,10,Partially cloudy,partly-cloudy-day,"94767099999,94766099999,95765099999,D5330,94768099999,94759099999,94765099999"
Sydney,2022-11-05T12:00:00,21.8,21.8,12.4,55.33,0,0,,0,0,14.4,18.6,76,40.7,25,37,0.1,0,10,Partially cloudy,partly-cloudy-day,"94767099999,94766099999,95765099999,D5330,94768099999,94759099999,94765099999"
Sydney,2022-11-05T13:00:00,21.8,21.8,12,53.57,0,0,,0,0,14.4,21.1,83,49.8,10,37,0.1,0,10,Partially cloudy,partly-cloudy-day,"94767099999,94766099999,95765099999,D5330,94768099999,94759099999,94765099999"
Sydney,2022-11-05T14:00:00,22.9,22.9,12.9,53.11,0,0,,0,0,16.6,21.1,82,44.4,10,37,0.1,0,10,Partially cloudy,partly-cloudy-day,"94767099999,94766099999,95765099999,D5330,94768099999,94759099999,94765099999"
Sydney,2022-11-05T15:00:00,22,22,13.8,59.62,0,0,,0,0,17.3,24.5,73,40.7,25,37,0.1,0,10,Partially cloudy,partly-cloudy-day,"94767099999,94766099999,95765099999,D5330,94768099999,94759099999,94765099999"
Sydney,2022-11-05T16:00:00,22.4,22.4,13.9,58.82,0,0,,0,0,18.7,25,56,9.1,10,37,0.1,0,10,Clear,clear-day,"94767099999,94766099999,95765099999,D5330,94768099999,94759099999,94765099999"
Sydney,2022-11-05T17:00:00,21.1,21.1,13,59.94,0,0,,0,0,21.2,23.6,68,32.3,10,37,0.1,0,10,Partially cloudy,partly-cloudy-day,"94767099999,94766099999,95765099999,D5330,94768099999,94759099999,94765099999"
Sydney,2022-11-05T18:00:00,19.6,19.6,12.7,64.14,0,0,,0,0,22.3,22.9,62,38.3,10,37,0.1,0,10,Partially cloudy,partly-cloudy-day,"94767099999,94766099999,95765099999,D5330,94768099999,94759099999,94765099999"
Sydney,2022-11-05T19:00:00,18.7,18.7,11.1,61.05,0,0,,0,0,25.6,19.5,48,23.8,10,37,0.1,0,10,Partially cloudy,partly-cloudy-day,"94767099999,94766099999,95765099999,D5330,94768099999,94759099999,94765099999"
Sydney,2022-11-05T20:00:00,18.1,18.1,11.2,64.04,0,0,,0,0,27.4,13.5,42,5.3,10,37,0.1,0,10,Clear,clear-night,"94767099999,94766099999,95765099999,D5330,94768099999,94759099999,94765099999"
Sydney,2022-11-05T21:00:00,17.7,17.7,11.5,67,0,0,,0,0,27,10,50,5,25,0,0,0,10,Clear,clear-night,"94767099999,94766099999,95765099999,94768099999,94759099999,94765099999"
Sydney,2022-11-05T22:00:00,17.1,17.1,11.7,70.31,0,0,,0,0,26.6,6.4,37,5,10,0,0,0,10,Clear,clear-night,"94767099999,94766099999,95765099999,94768099999,94759099999,94765099999"
Sydney,2022-11-05T23:00:00,16.5,16.5,11.9,74.33,0,0,,0,0,23.4,3.7,35,4,10,0,0,0,10,Clear,clear-night,"94767099999,94766099999,95765099999,94768099999,94759099999,94765099999"
Sydney,2022-11-06T00:00:00,15.7,15.7,12.4,80.73,0,0,,0,0,16.6,3.1,18,5,25,0,0,0,10,Clear,clear-night,"94767099999,94766099999,95765099999,94768099999,94759099999,94765099999"
Sydney,2022-11-06T01:00:00,15,15,12.2,83.17,0,0,,0,0,12.6,3.1,309,0,10,0,0,0,10,Clear,clear-night,"94767099999,94766099999,95765099999,94768099999,94759099999,94765099999"
Sydney,2022-11-06T02:00:00,14.7,14.7,12.4,86.58,0,0,,0,0,7.2,0.4,30,0,10,0,0,0,10,Clear,clear-night,"94767099999,94766099999,95765099999,94768099999,94759099999,94765099999"
Sydney,2022-11-06T03:00:00,14.2,14.2,12.8,91.39,0,0,,0,0,5.8,0.2,350,0,22.1,0,0,0,10,Clear,clear-night,"94767099999,94766099999,95765099999,94768099999,94759099999,94765099999"
Sydney,2022-11-06T04:00:00,13.7,13.7,12.4,92.05,0,0,,0,0,6.1,3.6,316,0,10,0,0,0,10,Clear,clear-night,"94767099999,94766099999,95765099999,94768099999,94759099999,94765099999"
Sydney,2022-11-06T05:00:00,13.4,13.4,12,91.13,0,0,,0,0,6.8,3.6,315,10,10,0,0,0,10,Clear,clear-night,"94767099999,94766099999,95765099999,94768099999,94759099999,94765099999"
Sydney,2022-11-06T06:00:00,13.2,13.2,12.1,93.06,0,0,,0,0,6.5,5,331,10,25,37,0.1,0,10,Clear,clear-day,"94767099999,94766099999,95765099999,D5330,94768099999,94759099999,94765099999"
Sydney,2022-11-06T07:00:00,13.9,13.9,12.6,91.73,0,0,,0,0,6.5,3.6,333,3,10,31,0.1,0,10,Clear,clear-day,"94767099999,94766099999,95765099999,D5330,94768099999,94759099999,94765099999"
Sydney,2022-11-06T08:00:00,15.7,15.7,13,83.8,0,0,,0,0,8.3,1.1,77,5,10,37,0.1,0,10,Clear,clear-day,"94767099999,94766099999,95765099999,D5330,94768099999,94759099999,94765099999"
Sydney,2022-11-06T09:00:00,19.2,19.2,14.3,73.03,0,0,,0,0,10.4,12.2,2,10,25,37,0.1,0,10,Clear,clear-day,"94767099999,94766099999,95765099999,D5330,94768099999,94759099999,94765099999"
Sydney,2022-11-06T10:00:00,21.4,21.4,14.3,63.86,0,0,,0,0,11.5,13.6,6,5.1,10,37,0.1,0,10,Clear,clear-day,"94767099999,94766099999,95765099999,D5330,94768099999,94759099999,94765099999"
Sydney,2022-11-06T11:00:00,22,22,13.8,59.57,0,0,,0,0,13.3,13.9,19,5.2,10,37,0.1,0,10,Clear,clear-day,"94767099999,94766099999,95765099999,D5330,94768099999,94759099999,94765099999"
Sydney,2022-11-06T12:00:00,23.1,23.1,14.2,57.42,0,0,,0,0,14.4,17.2,70,10,30,37,0.1,0,10,Clear,clear-day,"94767099999,94766099999,95765099999,D5330,94768099999,94759099999,94765099999"
Sydney,2022-11-06T13:00:00,23.3,23.3,15.1,59.82,0,0,,0,0,15.8,24.8,75,41.3,10,37,0.1,0,10,Partially cloudy,partly-cloudy-day,"94767099999,94766099999,95765099999,D5330,94768099999,94759099999,94765099999"
Sydney,2022-11-06T14:00:00,23.2,23.2,13.5,54.37,0,0,,0,0,18,23.5,67,5.9,10,37,0.1,0,10,Clear,clear-day,"94767099999,94766099999,95765099999,D5330,94768099999,94759099999,94765099999"
Sydney,2022-11-06T15:00:00,23,23,14.3,57.96,0,0,,0,0,20.5,22.8,75,10,30,37,0.1,0,10,Clear,clear-day,"94767099999,94766099999,95765099999,D5330,94768099999,94759099999,94765099999"
Sydney,2022-11-06T16:00:00,22.8,22.8,14.4,59.19,0,0,,0,0,23.4,24,70,79.8,10,37,0.1,0,10,Partially cloudy,partly-cloudy-day,"94767099999,94766099999,95765099999,D5330,94768099999,94759099999,94765099999"
Sydney,2022-11-06T17:00:00,21.6,21.6,13.9,61.39,0,0,,0,0,26.6,26.6,64,100,10,37,0.1,0,10,Overcast,cloudy,"94767099999,94766099999,95765099999,D5330,94768099999,94759099999,94765099999"
Sydney,2022-11-06T18:00:00,20,20,13.4,66.05,0,0,,0,0,28.1,24.2,55,100,10,37,0.1,0,10,Overcast,cloudy,"94767099999,94766099999,95765099999,D5330,94768099999,94759099999,94765099999"
Sydney,2022-11-06T19:00:00,18.9,18.9,13.8,72.31,0,0,,0,0,28.4,21.2,59,100,10,37,0.1,0,10,Overcast,cloudy,"94767099999,94766099999,95765099999,D5330,94768099999,94759099999,94765099999"
Sydney,2022-11-06T20:00:00,18.4,18.4,13.5,73.21,0,0,,0,0,28.4,15.9,53,100,10,37,0.1,0,10,Overcast,cloudy,"94767099999,94766099999,95765099999,D5330,94768099999,94759099999,94765099999"
Sydney,2022-11-06T21:00:00,18.2,18.2,13.5,73.94,0,0,,0,0,22.7,11.7,38,90,30,0,0,0,10,Partially cloudy,partly-cloudy-night,"94767099999,94766099999,95765099999,94768099999,94759099999,94765099999"
Sydney,2022-11-06T22:00:00,17.9,17.9,14.2,79.17,0,0,,0,0,19.4,6.3,9,100,10,0,0,0,10,Overcast,cloudy,"94767099999,94766099999,95765099999,94768099999,94759099999,94765099999"
Sydney,2022-11-06T23:00:00,17.6,17.6,14.8,84.02,0,0,,0,0,18,3.1,28,100,10,0,0,0,10,Overcast,cloudy,"94767099999,94766099999,95765099999,94768099999,94759099999,94765099999"
Sydney,2022-11-07T00:00:00,17.5,17.5,15.1,86.01,0,0,,0,0,15.8,3.1,355,90,30,0,0,0,10,Partially cloudy,partly-cloudy-night,"94767099999,94766099999,95765099999,94768099999,94759099999,94765099999"
Sydney,2022-11-07T01:00:00,16.7,16.7,14.5,86.83,0,0,,0,0,10.4,3.5,301,66.6,10,0,0,0,10,Partially cloudy,partly-cloudy-night,"94767099999,94766099999,95765099999,94768099999,94759099999,94765099999"
Sydney,2022-11-07T02:00:00,16.2,16.2,14.4,88.96,0,0,,0,0,6.1,3.5,355,6.2,10,0,0,0,10,Clear,clear-night,"94767099999,94766099999,95765099999,94768099999,94759099999,94765099999"
Sydney,2022-11-07T03:00:00,15.9,15.9,14.5,91.01,0,0,,0,0,5.4,3.6,339,50,10,0,0,0,10,Partially cloudy,partly-cloudy-night,"94767099999,94766099999,95765099999,94768099999,94759099999,94765099999"
Sydney,2022-11-07T04:00:00,15.8,15.8,14.3,90.91,0,0,,0,0,4.7,2.9,352,2.4,10,0,0,0,10,Clear,clear-night,"94767099999,94766099999,95765099999,94768099999,94759099999,94765099999"
Sydney,2022-11-07T05:00:00,15.4,15.4,14.4,93.59,0,0,,0,0,4.7,0.9,333,5,10,0,0,0,10,Clear,clear-night,"94767099999,94766099999,95765099999,94768099999,94759099999,94765099999"
Sydney,2022-11-07T06:00:00,15.1,15.1,14.5,96.45,0,0,,0,0,3.6,2.7,220,40,25,37,0.1,0,10,Partially cloudy,partly-cloudy-day,"94767099999,94766099999,95765099999,D5330,94768099999,94759099999,94765099999"
Sydney,2022-11-07T07:00:00,15.5,15.5,14.9,96.31,0,0,,0,0,3.2,3.5,281,1.5,10,33,0.1,0,10,Clear,clear-day,"94767099999,94766099999,95765099999,D5330,94768099999,94759099999,94765099999"
Sydney,2022-11-07T08:00:00,16.9,16.9,15.8,92.97,0,0,,0,0,5,6.2,266,2.3,24.1,37,0.1,0,10,Clear,clear-day,"94767099999,94766099999,95765099999,D5330,94768099999,94759099999,94765099999"
Sydney,2022-11-07T09:00:00,20.2,20.2,16.5,79.31,0,0,,0,0,10.4,7.9,91,64.6,25,37,0.1,0,10,Partially cloudy,partly-cloudy-day,"94767099999,94766099999,95765099999,D5330,94768099999,94759099999,94765099999"
Sydney,2022-11-07T10:00:00,21.3,21.3,16.5,73.83,0,0,,0,0,12.2,13.6,48,6.2,10,37,0.1,0,10,Clear,clear-day,"94767099999,94766099999,95765099999,D5330,94768099999,94759099999,94765099999"
Sydney,2022-11-07T11:00:00,21.8,21.8,14.7,63.79,0,0,,0,0,14.4,18.9,54,4.4,10,37,0.1,0,10,Clear,clear-day,"94767099999,94766099999,95765099999,D5330,94768099999,94759099999,94765099999"
Sydney,2022-11-07T12:00:00,22.8,22.8,14.5,59.32,0,0,,0,0,17.3,21.5,47,49.1,30,37,0.1,0,10,Partially cloudy,partly-cloudy-day,"94767099999,94766099999,95765099999,D5330,94768099999,94759099999,94765099999"
Sydney,2022-11-07T13:00:00,23.3,23.3,14.4,57.32,0,0,,0,0,20.5,23.1,49,1.3,10,37,0.1,0,10,Clear,clear-day,"94767099999,94766099999,95765099999,D5330,94768099999,94759099999,94765099999"
Sydney,2022-11-07T14:00:00,23.5,23.5,13.9,54.98,0,0,,0,0,22.7,25,62,4.2,10,37,0.1,0,10,Clear,clear-day,"94767099999,94766099999,95765099999,D5330,94768099999,94759099999,94765099999"
Sydney,2022-11-07T15:00:00,23.3,23.3,14.3,57.02,0.005,100,rain,0,0,24.1,28.3,64,30,30,37,0.1,0,10,"Rain, Partially cloudy",rain,"94767099999,94766099999,95765099999,D5330,94768099999,94759099999,94765099999"
Sydney,2022-11-07T16:00:00,23,23,14.1,57.22,0,0,,0,0,24.5,28.1,69,2.1,10,37,0.1,0,10,Clear,clear-day,"94767099999,94766099999,95765099999,D5330,94768099999,94759099999,94765099999"
Sydney,2022-11-07T17:00:00,21.6,21.6,13.3,59.12,0,0,,0,0,25.6,27,61,0.1,10,413,1.5,4,10,Clear,clear-day,"94767099999,94766099999,95765099999,D8873,94768099999,94759099999,94765099999"
Sydney,2022-11-07T18:00:00,20.3,20.3,13.7,65.98,0,0,,0,0,28.8,27.7,60,1,10,47,0.2,0,10,Clear,clear-day,"94767099999,94766099999,95765099999,D8873,94768099999,94759099999,94765099999"
Sydney,2022-11-07T19:00:00,19.3,19.3,13.9,71,0,0,,0,0,30.2,22.8,59,3,10,36,0.1,0,10,Clear,clear-day,"94767099999,94766099999,95765099999,D8873,94768099999,94759099999,94765099999"
Sydney,2022-11-07T20:00:00,18.7,18.7,13.9,73.35,0,0,,0,0,30.6,15,52,0.1,10,5,0,0,10,Clear,clear-night,"94767099999,94766099999,95765099999,D8873,94768099999,94759099999,94765099999"
Sydney,2022-11-07T21:00:00,18.4,18.4,13.4,72.62,0,0,,0,0,29.9,12.9,49,10,30,0,0,0,10,Clear,clear-night,"94767099999,94766099999,95765099999,94768099999,94759099999,94765099999"
Sydney,2022-11-07T22:00:00,18.2,18.2,13.2,72.73,0,0,,0,0,28.1,11.7,60,4.5,10,0,0,0,10,Clear,clear-night,"94767099999,94766099999,95765099999,94768099999,94759099999,94765099999"
Sydney,2022-11-07T23:00:00,18.1,18.1,14.2,78.27,0,0,,0,0,19.4,7.7,58,5,10,0,0,0,10,Clear,clear-night,"94767099999,94766099999,95765099999,94768099999,94759099999,94765099999"
Sydney,2022-11-08T00:00:00,17.3,17.3,14.9,85.76,0,0,,0,0,16.2,9.2,50,91.5,30,0,0,0,10,Overcast,cloudy,"94767099999,94766099999,95765099999,94768099999,94759099999,94765099999"
Sydney,2022-11-08T01:00:00,16.7,16.7,14.6,87.05,0,0,,0,0,16.6,9.8,21,5,10,0,0,0,10,Clear,clear-night,"94767099999,94766099999,95765099999,94768099999,94759099999,94765099999"
Sydney,2022-11-08T02:00:00,17.1,17.1,14.4,84.19,0,0,rain,0,0,15.1,8.1,81,5,10,0,0,0,10,Clear,clear-night,"94767099999,94766099999,95765099999,94768099999,94759099999,94765099999"
Sydney,2022-11-08T03:00:00,16.8,16.8,13.4,80.13,1.01,100,rain,0,0,13,7.7,50,66.1,15,0,0,0,10,"Rain, Partially cloudy",rain,"94767099999,94766099999,95765099999,94768099999,94759099999,94765099999"
Sydney,2022-11-08T04:00:00,16.6,16.6,13.6,82.51,0,0,rain,0,0,11.2,5,43,5.2,10,0,0,0,10,Clear,clear-night,"94767099999,94766099999,95765099999,94768099999,94759099999,94765099999"
Sydney,2022-11-08T05:00:00,16.5,16.5,13.6,83.26,0,0,rain,0,0,11.5,3.7,33,6.1,10,0,0,0,10,Clear,clear-night,"94767099999,94766099999,95765099999,94768099999,94759099999,94765099999"
Sydney,2022-11-08T06:00:00,16.4,16.4,13.9,85.23,0,0,rain,0,0,10.8,4.5,42,16.1,16,16,0.1,0,10,Clear,clear-day,"94767099999,94766099999,95765099999,D8873,94768099999,94759099999,94765099999"
Sydney,2022-11-08T07:00:00,17,17,13.6,80.46,0,0,rain,0,0,11.5,3.5,10,21.5,10,102,0.4,1,10,Partially cloudy,partly-cloudy-day,"94767099999,94766099999,95765099999,D8873,94768099999,94759099999,94765099999"
Sydney,2022-11-08T08:00:00,18.9,18.9,14.4,75.3,0,0,rain,0,0,15.1,8.4,20,49.7,10,93,0.3,1,10,Partially cloudy,partly-cloudy-day,"94767099999,94766099999,95765099999,D8873,94768099999,94759099999,94765099999"
Sydney,2022-11-08T09:00:00,20.9,20.9,14.3,65.85,0.002,100,rain,0,0,13.7,11.7,40,57.6,25,160,0.6,2,10,"Rain, Partially cloudy",rain,"94767099999,94766099999,95765099999,D8873,94768099999,94759099999,94765099999"
Sydney,2022-11-08T10:00:00,21.7,21.7,11.6,52.62,0,0,,0,0,12.2,11.3,32,18.7,10,196,0.7,2,10,Clear,clear-day,"94767099999,94766099999,95765099999,D8873,94768099999,94759099999,94765099999"
Sydney,2022-11-08T11:00:00,21.4,21.4,13.1,59.01,0,0,,0,0,11.9,14.2,50,56.2,10,455,1.6,5,10,Partially cloudy,partly-cloudy-day,"94767099999,94766099999,95765099999,D8873,94768099999,94759099999,94765099999"
Sydney,2022-11-08T12:00:00,23.1,23.1,11.1,46.75,0,0,,0,0,12.2,24.1,80,50,10,409,1.5,4,10,Partially cloudy,partly-cloudy-day,"94767099999,D8873"
Sydney,2022-11-08T13:00:00,19.8,19.8,10.5,54.99,0,0,,0,0,16.2,17.3,78.1,72.8,24.1,564,2,6,10,Partially cloudy,partly-cloudy-day,remote
Sydney,2022-11-08T14:00:00,22.2,22.2,13.2,56.71,0,0,,0,0,16.9,21.1,72,55.7,10,950,3.4,10,10,Partially cloudy,partly-cloudy-day,"94767099999,94766099999,95765099999,94768099999,94759099999,94765099999,F6936"
Sydney,2022-11-08T15:00:00,23.8,23.8,14.8,57.08,0.169,100,rain,0,0,17.3,21,69,34.6,30,918,3.3,9,10,"Rain, Partially cloudy",rain,"94767099999,94766099999,95765099999,D8873,94768099999,94759099999,94765099999"
Sydney,2022-11-08T16:00:00,22.6,22.6,13.9,57.75,0,0,,0,0,19.1,22.5,80,2.3,10,668,2.4,7,10,Clear,clear-day,"94767099999,94766099999,95765099999,D8873,94768099999,94759099999,94765099999"
Sydney,2022-11-08T17:00:00,22.3,22.3,13.8,58.88,0,0,,0,0,18.7,22.1,59,0.5,10,415,1.5,4,10,Clear,clear-day,"94767099999,94766099999,95765099999,D8873,94768099999,94759099999,94765099999"
Sydney,2022-11-08T18:00:00,20.3,20.3,13.4,64.54,0,0,,0,0,21.2,21.3,60,10,10,223,0.8,2,10,Clear,clear-day,"94767099999,94766099999,95765099999,D5330,94768099999,94759099999,94765099999"
Sydney,2022-11-08T19:00:00,19.6,19.6,13.6,68.22,0,0,,0,0,25.6,19.6,52,0,10,104,0.4,1,10,Clear,clear-day,"94767099999,94766099999,95765099999,D5330,94768099999,94759099999,94765099999"
Sydney,2022-11-08T20:00:00,18.7,18.7,13.4,71.12,0,0,,0,0,27.4,17,45,0,10,37,0.1,0,10,Clear,clear-night,"94767099999,94766099999,95765099999,D5330,94768099999,94759099999,94765099999"
Sydney,2022-11-08T21:00:00,18.6,18.6,13.9,74.18,0,0,,0,0,25.2,11,48,54.6,30,37,0.1,0,10,Partially cloudy,partly-cloudy-night,"94767099999,94766099999,95765099999,D5330,94768099999,94759099999,94765099999"
Sydney,2022-11-08T22:00:00,18.4,18.4,14,75.66,0,0,,0,0,24.8,9.2,28,0,10,37,0.1,0,10,Clear,clear-night,"94767099999,94766099999,95765099999,D5330,94768099999,94759099999,94765099999"
Sydney,2022-11-08T23:00:00,17.8,17.8,14.2,79.32,0,0,,0,0,19.4,3.7,40,0,10,37,0.1,0,10,Clear,clear-night,"94767099999,94766099999,95765099999,D5330,94768099999,94759099999,94765099999"
Sydney,2022-11-09T00:00:00,17.5,17.5,14.5,82.63,0,0,,0,0,16.2,4.3,33,75.4,30,37,0.1,0,10,Partially cloudy,partly-cloudy-night,"94767099999,94766099999,95765099999,D5330,94768099999,94759099999,94765099999"
Sydney,2022-11-09T01:00:00,16.7,16.7,14.3,85.64,0,0,,0,0,14,7.1,40,0.3,10,37,0.1,0,10,Clear,clear-night,"94767099999,94766099999,95765099999,D5330,94768099999,94759099999,94765099999"
Sydney,2022-11-09T02:00:00,16.5,16.5,13.8,83.91,0,0,rain,0,0,9.7,3.4,20,0,10,37,0.1,0,10,Clear,clear-night,"94767099999,94766099999,95765099999,D5330,94768099999,94759099999,94765099999"
Sydney,2022-11-09T03:00:00,16.2,16.2,13.7,85.42,0,0,rain,0,0,7.2,2.5,28,10,30,37,0.1,0,10,Clear,clear-night,"94767099999,94766099999,95765099999,D5330,94768099999,94759099999,94765099999"
Sydney,2022-11-09T04:00:00,15.7,15.7,14,89.56,0,0,rain,0,0,4.7,4,319,0,10,37,0.1,0,10,Clear,clear-night,"94767099999,94766099999,95765099999,D5330,94768099999,94759099999,94765099999"
Sydney,2022-11-09T05:00:00,15.1,15.1,14,93.24,0,0,rain,0,0,4.7,2.7,290,21.3,10,0,0,0,10,Partially cloudy,partly-cloudy-night,"94767099999,94766099999,95765099999,94768099999,94759099999,94765099999"
Sydney,2022-11-09T06:00:00,15,15,13.7,91.67,0,0,,0,0,4.7,3.7,288,69.3,20,11,0,0,10,Partially cloudy,partly-cloudy-day,"94767099999,94766099999,95765099999,D8873,94768099999,94759099999,94765099999"
Sydney,2022-11-09T07:00:00,15.4,15.4,14.4,93.99,0,0,,0,0,6.1,2.9,296,33.1,10,77,0.3,1,10,Partially cloudy,partly-cloudy-day,"94767099999,94766099999,95765099999,D8873,94768099999,94759099999,94765099999"
Sydney,2022-11-09T08:00:00,17.4,17.4,15.1,86.37,0,0,,0,0,12.2,2.9,305,26.3,10,214,0.8,2,10,Partially cloudy,partly-cloudy-day,"94767099999,94766099999,95765099999,D8873,94768099999,94759099999,94765099999"
Sydney,2022-11-09T09:00:00,19.3,19.3,14.7,74.94,0,0,rain,0,0,13.3,7.7,340,85.4,25,328,1.2,3,10,Partially cloudy,partly-cloudy-day,"94767099999,94766099999,95765099999,D8873,94768099999,94759099999,94765099999"
Sydney,2022-11-09T10:00:00,21.3,21.3,13.2,59.93,0,0,,0,0,13.7,12.6,46,34.4,10,280,1,3,10,Partially cloudy,partly-cloudy-day,"94767099999,94766099999,95765099999,D8873,94768099999,94759099999,94765099999"
Sydney,2022-11-09T11:00:00,22,22,14.1,60.59,0,0,,0,0,15.5,10.5,39,38.8,10,347,1.2,3,10,Partially cloudy,partly-cloudy-day,"94767099999,94766099999,95765099999,D8873,94768099999,94759099999,94765099999"
Sydney,2022-11-09T12:00:00,22.1,22.1,13.4,57.49,0,0,,0,0,14.4,22,72,58.5,25,628,2.3,6,10,Partially cloudy,partly-cloudy-day,"94767099999,94766099999,95765099999,D8873,94768099999,94759099999,94765099999"
Sydney,2022-11-09T13:00:00,23.2,23.2,12.3,50.38,0,0,,0,0,14,21.3,64,33.7,10,813,2.9,8,10,Partially cloudy,partly-cloudy-day,"94767099999,94766099999,95765099999,D8873,94768099999,94759099999,94765099999"
Sydney,2022-11-09T14:00:00,23.2,23.2,12.4,50.52,0,0,,0,0,15.5,24.1,59,19.1,10,988,3.6,10,10,Clear,clear-day,"94767099999,94766099999,95765099999,D8873,94768099999,94759099999,94765099999"
Sydney,2022-11-09T15:00:00,23.5,23.5,10.7,44.55,0,0,,0,0,16.6,23.1,73,10,25,914,3.3,9,10,Clear,clear-day,"94767099999,94766099999,95765099999,D8873,94768099999,94759099999,94765099999"
Sydney,2022-11-09T16:00:00,23,23,10.5,45.3,0,0,,0,0,18.7,23.5,72,0.3,10,765,2.8,8,10,Clear,clear-day,"94767099999,94766099999,95765099999,D8873,94768099999,94759099999,94765099999"
Sydney,2022-11-09T17:00:00,22.1,22.1,11.2,50.1,0,0,,0,0,19.8,25.2,61,0,10,418,1.5,4,10,Clear,clear-day,"94767099999,94766099999,95765099999,D5330,94768099999,94759099999,94765099999"
Sydney,2022-11-09T18:00:00,20.2,20.2,9.9,51.75,0,0,,0,0,21.2,21.6,54,0,10,294,1.1,3,10,Clear,clear-day,"94767099999,94766099999,95765099999,D5330,94768099999,94759099999,94765099999"
Sydney,2022-11-09T19:00:00,19.1,19.1,10.4,56.78,0,0,,0,0,26.3,19.8,63,0,10,129,0.5,1,10,Clear,clear-day,"94767099999,94766099999,95765099999,D5330,94768099999,94759099999,94765099999"
Sydney,2022-11-09T20:00:00,18.4,18.4,10.6,60.54,0,0,,0,0,30.2,14.3,59,0,10,29,0.1,0,10,Clear,clear-night,"94767099999,94766099999,95765099999,D5330,94768099999,94759099999,94765099999"
Sydney,2022-11-09T21:00:00,18.1,18.1,11.9,67.11,0,0,,0,0,29.9,14.2,67,10,25,37,0.1,0,10,Clear,clear-night,"94767099999,94766099999,95765099999,D5330,94768099999,94759099999,94765099999"
Sydney,2022-11-09T22:00:00,18.1,18.1,12.1,68.24,0,0,,0,0,25.9,11.4,78,0,10,37,0.1,0,10,Clear,clear-night,"94767099999,94766099999,95765099999,D5330,94768099999,94759099999,94765099999"
Sydney,2022-11-09T23:00:00,17.7,17.7,12.8,72.93,0,0,,0,0,17.6,10,79,0,10,37,0.1,0,10,Clear,clear-night,"94767099999,94766099999,95765099999,D5330,94768099999,94759099999,94765099999"
Sydney,2022-11-10T00:00:00,17.9,17.9,13.4,75,0,0,,0,0,15.5,10.5,88,55.4,25,37,0.1,0,10,Partially cloudy,partly-cloudy-night,"94767099999,94766099999,95765099999,D5330,94768099999,94759099999,94765099999"
Sydney,2022-11-10T01:00:00,17.9,17.9,12.6,71.12,0,0,,0,0,14,9.2,65,0,10,37,0.1,0,10,Clear,clear-night,"94767099999,94766099999,95765099999,D5330,94768099999,94759099999,94765099999"
Sydney,2022-11-10T02:00:00,17,17,12.5,75,0,0,,0,0,11.9,7.3,36,0,10,37,0.1,0,10,Clear,clear-night,"94767099999,94766099999,95765099999,D5330,94768099999,94759099999,94765099999"
Sydney,2022-11-10T03:00:00,16.1,16.1,12.5,79.05,0.006,100,rain,0,0,8.6,4.3,50,10,25,37,0.1,0,10,Rain,rain,"94767099999,94766099999,95765099999,D5330,94768099999,94759099999,94765099999"
Sydney,2022-11-10T04:00:00,15.5,15.5,13,84.94,0,0,rain,0,0,6.1,4.2,5,3.9,10,37,0.1,0,10,Clear,clear-night,"94767099999,94766099999,95765099999,D5330,94768099999,94759099999,94765099999"
Sydney,2022-11-10T05:00:00,15,15,13.4,90.4,0,0,rain,0,0,5,4.5,300,22.6,10,0,0,0,10,Partially cloudy,partly-cloudy-night,"94767099999,94766099999,95765099999,94768099999,94759099999,94765099999"
Sydney,2022-11-10T06:00:00,15,15,13.3,89.98,0,0,rain,0,0,6.5,7.1,311,82.4,30,12,0,0,10,Partially cloudy,partly-cloudy-day,"94767099999,94766099999,95765099999,D8873,94768099999,94759099999,94765099999"
Sydney,2022-11-10T07:00:00,15.7,15.7,13.3,85.31,0,0,rain,0,0,9.4,4.1,313,67.8,10,53,0.2,1,10,Partially cloudy,partly-cloudy-day,"94767099999,94766099999,95765099999,D8873,94768099999,94759099999,94765099999"
Sydney,2022-11-10T08:00:00,16.7,16.7,13.2,80.04,0,0,,0,0,6.8,6.2,301,34,10,181,0.7,2,10,Partially cloudy,partly-cloudy-day,"94767099999,94766099999,95765099999,D8873,94768099999,94759099999,94765099999"
Sydney,2022-11-10T09:00:00,17.9,17.9,13.3,74.62,0,0,,0,0,7.9,4.2,71,83.9,22,177,0.6,2,10,Partially cloudy,partly-cloudy-day,"94767099999,94766099999,95765099999,D8873,94768099999,94759099999,94765099999"
Sydney,2022-11-10T10:00:00,19.4,19.4,14.1,71.24,0,0,rain,0,0,12.6,7.7,69,85.9,10,350,1.3,4,10,Partially cloudy,partly-cloudy-day,"94767099999,94766099999,95765099999,D8873,94768099999,94759099999,94765099999"
Sydney,2022-11-10T11:00:00,22,22,13.3,57.81,0,0,,0,0,14.4,12.4,60,57.2,10,595,2.1,6,10,Partially cloudy,partly-cloudy-day,"94767099999,94766099999,95765099999,D8873,94768099999,94759099999,94765099999"
Sydney,2022-11-10T12:00:00,22.1,22.1,13.8,59.38,0,0,,0,0,16.9,20.7,68,30,30,197,0.7,2,10,Partially cloudy,partly-cloudy-day,"94767099999,94766099999,95765099999,D8873,94768099999,94759099999,94765099999"
Sydney,2022-11-10T13:00:00,22.3,22.3,15.5,65.69,0,0,,0,0,18.4,25.1,71,2.7,10,1037,3.7,10,10,Clear,clear-day,"94767099999,94766099999,95765099999,94768099999,94759099999,94765099999,F6936"
Sydney,2022-11-10T14:00:00,22.6,22.6,13.4,56.03,0,0,,0,0,19.4,25,64,30,10,992,3.6,10,10,Partially cloudy,partly-cloudy-day,"94767099999,94766099999,95765099999,D8873,94768099999,94759099999,94765099999"
Sydney,2022-11-10T15:00:00,23.9,23.9,14.1,54.34,0,0,,0,0,19.4,24.5,71,10,30,916,3.3,9,10,Clear,clear-day,"94767099999,94766099999,95765099999,D8873,94768099999,94759099999,94765099999"
Sydney,2022-11-10T16:00:00,23.4,23.4,11.9,48.22,0,0,,0,0,20.5,24.1,64,3.6,10,769,2.8,8,10,Clear,clear-day,"94767099999,94766099999,95765099999,D8873,94768099999,94759099999,94765099999"
Sydney,2022-11-10T17:00:00,22.3,22.3,12.5,53.67,0,0,,0,0,22.7,23.8,62,0.2,10,416,1.5,4,10,Clear,clear-day,"94767099999,94766099999,95765099999,D5330,94768099999,94759099999,94765099999"
Sydney,2022-11-10T18:00:00,20.3,20.3,13,62.79,0,0,,0,0,24.8,26.1,61,5,10,318,1.1,3,10,Clear,clear-day,"94767099999,94766099999,95765099999,D5330,94768099999,94759099999,94765099999"
Sydney,2022-11-10T19:00:00,19.3,19.3,13.1,67.72,0,0,,0,0,28.8,21.8,54,2.5,10,129,0.5,1,10,Clear,clear-day,"94767099999,94766099999,95765099999,D5330,94768099999,94759099999,94765099999"
Sydney,2022-11-10T20:00:00,18.6,18.6,13.4,71.81,0,0,,0,0,31.7,16.6,52,5,10,42,0.2,0,10,Clear,clear-night,"94767099999,94766099999,95765099999,D5330,94768099999,94759099999,94765099999"
Sydney,2022-11-10T21:00:00,18.4,18.4,13.2,71.59,0,0,,0,0,32.4,14.5,49,30,30,37,0.1,0,10,Partially cloudy,partly-cloudy-night,"94767099999,94766099999,95765099999,D5330,94768099999,94759099999,94765099999"
Sydney,2022-11-10T22:00:00,18.2,18.2,13.3,73.31,0,0,,0,0,31.3,14.8,38,11.3,10,37,0.1,0,10,Clear,clear-night,"94767099999,94766099999,95765099999,D5330,94768099999,94759099999,94765099999"
Sydney,2022-11-10T23:00:00,18.1,18.1,13.4,74.15,0,0,,0,0,31,10.3,30,100,10,37,0.1,0,10,Overcast,cloudy,"94767099999,94766099999,95765099999,D5330,94768099999,94759099999,94765099999"
Sydney,2022-11-11T00:00:00,17.6,17.6,13.2,75.29,0,0,,0,0,22.7,7.8,22,60,30,37,0.1,0,10,Partially cloudy,partly-cloudy-night,"94767099999,94766099999,95765099999,D5330,94768099999,94759099999,94765099999"
Sydney,2022-11-11T01:00:00,17.2,17.2,12.7,74.97,0,0,,0,0,19.8,7.3,12,5,10,37,0.1,0,10,Clear,clear-night,"94767099999,94766099999,95765099999,D5330,94768099999,94759099999,94765099999"
Sydney,2022-11-11T02:00:00,16.6,16.6,12.3,75.64,0,0,,0,0,12.6,5.1,326,2.7,10,37,0.1,0,10,Clear,clear-night,"94767099999,94766099999,95765099999,D5330,94768099999,94759099999,94765099999"
Sydney,2022-11-11T03:00:00,15.8,15.8,13,83.05,0,0,,0,0,8.6,5,300,40,30,37,0.1,0,10,Partially cloudy,partly-cloudy-night,"94767099999,94766099999,95765099999,D5330,94768099999,94759099999,94765099999"
Sydney,2022-11-11T04:00:00,15,15,12.3,83.6,0,0,,0,0,9.4,4,353,79,10,37,0.1,0,10,Partially cloudy,partly-cloudy-night,"94767099999,94766099999,95765099999,D5330,94768099999,94759099999,94765099999"
Sydney,2022-11-11T05:00:00,14.9,14.9,12,83.02,0,0,,0,0,9.4,4,35,92.5,10,0,0,0,10,Overcast,cloudy,"94767099999,94766099999,95765099999,94768099999,94759099999,94765099999"
Sydney,2022-11-11T06:00:00,14.8,14.8,12,83.21,0,0,,0,0,9.4,6.4,5,10,30,11,0,0,10,Clear,clear-day,"94767099999,94766099999,95765099999,D8873,94768099999,94759099999,94765099999"
Sydney,2022-11-11T07:00:00,16.1,16.1,12,76.69,0,0,,0,0,17.3,7.9,9,84.9,10,97,0.3,1,10,Partially cloudy,partly-cloudy-day,"94767099999,94766099999,95765099999,D8873,94768099999,94759099999,94765099999"
Sydney,2022-11-11T08:00:00,17.6,17.6,12.1,70.14,0,0,,0,0,18,8.5,4,100,10,273,1,3,10,Overcast,cloudy,"94767099999,94766099999,95765099999,D8873,94768099999,94759099999,94765099999"
Sydney,2022-11-11T09:00:00,20.2,20.2,11.9,58.8,0,0,,0,0,16.6,10,32,50,30,363,1.3,4,10,Partially cloudy,partly-cloudy-day,"94767099999,94766099999,95765099999,D8873,94768099999,94759099999,94765099999"
Sydney,2022-11-11T10:00:00,21.7,21.7,12.8,56.86,0,0,,0,0,14.8,13.2,21,100,10,647,2.3,6,10,Overcast,cloudy,"94767099999,94766099999,95765099999,D8873,94768099999,94759099999,94765099999"
Sydney,2022-11-11T11:00:00,23.2,23.2,13.9,55.89,0,0,,0,0,14.8,14.8,33,100,10,789,2.8,8,10,Overcast,cloudy,"94767099999,94766099999,95765099999,D8873,94768099999,94759099999,94765099999"
Sydney,2022-11-11T12:00:00,22.8,22.8,13.5,55.64,0,0,,0,0,15.8,19.2,47,85.4,30,914,3.3,9,10,Partially cloudy,partly-cloudy-day,"94767099999,94766099999,95765099999,D8873,94768099999,94759099999,94765099999"
Sydney,2022-11-11T13:00:00,23.3,23.3,13.9,55.62,0,0,,0,0,16.9,19.3,64,100,10,691,2.5,7,10,Overcast,cloudy,"94767099999,94766099999,95765099999,D8873,94768099999,94759099999,94765099999"
Sydney,2022-11-11T14:00:00,22.6,22.6,13.9,58.07,0,0,,0,0,19.4,24.3,68,100,10,671,2.4,7,10,Overcast,cloudy,"94767099999,94766099999,95765099999,D8873,94768099999,94759099999,94765099999"
Sydney,2022-11-11T15:00:00,24.3,24.3,14.8,55.29,0,0,,0,0,20.2,19.2,51,91.5,30,614,2.2,6,10,Overcast,cloudy,"94767099999,94766099999,95765099999,D8873,94768099999,94759099999,94765099999"
Sydney,2022-11-11T16:00:00,22,22,14.4,61.93,0,0,,0,0,18,18.1,18,100,10,134,0.5,1,10,Overcast,cloudy,"94767099999,94766099999,95765099999,D8873,94768099999,94759099999,94765099999"
Sydney,2022-11-11T17:00:00,21.5,21.5,15.4,68.38,0,0,,0,0,22.7,17.1,19,100,10,400,1.4,4,3,Overcast,cloudy,"94767099999,94766099999,95765099999,D5330,94768099999,94759099999,94765099999"
Sydney,2022-11-11T18:00:00,21.7,21.7,15.3,66.66,0,0,,0,0,19.1,17,9,92.4,10,61,0.2,1,10,Overcast,cloudy,"94767099999,94766099999,95765099999,D5330,94768099999,94759099999,94765099999"
Sydney,2022-11-11T19:00:00,21.7,21.7,15.1,66.09,0,0,,0,0,19.8,15.2,340,100,10,42,0.2,0,10,Overcast,cloudy,"94767099999,94766099999,95765099999,D5330,94768099999,94759099999,94765099999"
Sydney,2022-11-11T20:00:00,20.7,20.7,15.2,70.58,0,0,,0,0,15.5,9.8,322,5,10,7,0,0,10,Clear,clear-night,"94767099999,94766099999,95765099999,D5330,94768099999,94759099999,94765099999"
Sydney,2022-11-11T21:00:00,19.7,19.7,14.9,73.54,0.005,100,rain,0,0,24.5,5.1,343,10,25,0,0,0,10,Rain,rain,"94767099999,94766099999,95765099999,94768099999,94759099999,94765099999"
Sydney,2022-11-11T22:00:00,19.1,19.1,15.1,77.53,0,0,,0,0,21.2,7.5,348,5,10,0,0,0,10,Clear,clear-night,"94767099999,94766099999,95765099999,94768099999,94759099999,94765099999"
Sydney,2022-11-11T23:00:00,18.8,18.8,15.2,79.47,0,0,,0,0,15.8,6.5,339,1.7,10,0,0,0,10,Clear,clear-night,"94767099999,94766099999,95765099999,94768099999,94759099999,94765099999"
Sydney,2022-11-12T00:00:00,18.1,18.1,15.4,84.19,0,0,,0,0,9.7,7.1,335,10,25,0,0,0,10,Clear,clear-night,"94767099999,94766099999,95765099999,94768099999,94759099999,94765099999"
Sydney,2022-11-12T01:00:00,17.5,17.5,15,85.15,0,0,,0,0,8.6,3.8,338,4.7,10,0,0,0,10,Clear,clear-night,"94767099999,94766099999,95765099999,94768099999,94759099999,94765099999"
Sydney,2022-11-12T02:00:00,17.4,17.4,15.2,86.88,0,0,,0,0,7.6,4.7,278,1.1,10,0,0,0,10,Clear,clear-night,"94767099999,94766099999,95765099999,94768099999,94759099999,94765099999"
Sydney,2022-11-12T03:00:00,16.8,16.8,15.1,89.68,0.005,100,rain,0,0,6.5,5.2,327,10,25,0,0,0,10,Rain,rain,"94767099999,94766099999,95765099999,94768099999,94759099999,94765099999"
Sydney,2022-11-12T04:00:00,16.5,16.5,15.4,92.97,0,0,,0,0,9.7,5.6,327,5,24.1,0,0,0,10,Clear,clear-night,"94767099999,94766099999,95765099999,94768099999,94759099999,94765099999"
Sydney,2022-11-12T05:00:00,16.4,16.4,15.4,94.06,0,0,,0,0,7.6,4.5,307,0,10,0,0,0,10,Clear,clear-night,"94767099999,94766099999,95765099999,94768099999,94759099999,94765099999"
Sydney,2022-11-12T06:00:00,16,16,15,93.63,0,0,,0,0,9.4,4.6,307,10,30,8,0,0,10,Clear,clear-day,"94767099999,94766099999,95765099999,D5330,94768099999,94759099999,94765099999"
Sydney,2022-11-12T07:00:00,17.2,17.2,15.8,91.23,0,0,,0,0,9.7,8.9,321,0,10,58,0.2,1,10,Clear,clear-day,"94767099999,94766099999,95765099999,D5330,94768099999,94759099999,94765099999"
Sydney,2022-11-12T08:00:00,18.8,18.8,16.2,85.09,0,0,,0,0,8.3,4.6,255,0,10,155,0.6,2,10,Clear,clear-day,"94767099999,94766099999,95765099999,D5330,94768099999,94759099999,94765099999"
Sydney,2022-11-12T09:00:00,20.9,20.9,16.2,74.54,0,0,,0,0,7.6,3.6,352,10,30,333,1.2,3,10,Clear,clear-day,"94767099999,94766099999,95765099999,D5330,94768099999,94759099999,94765099999"
Sydney,2022-11-12T10:00:00,24.6,24.6,16.9,62.16,0,0,,0,0,6.1,8.6,137,0,10,556,2,6,10,Clear,clear-day,"94767099999,94766099999,95765099999,D5330,94768099999,94759099999,94765099999"
Sydney,2022-11-12T11:00:00,26.2,26.2,16.5,55.24,0,0,,0,0,9,16.8,127,0,10,745,2.7,7,10,Clear,clear-day,"94767099999,94766099999,95765099999,D5330,94768099999,94759099999,94765099999"
Sydney,2022-11-12T12:00:00,26.1,26.1,16.1,54.15,0,0,,0,0,12.2,18.3,134,30,25,934,3.4,9,10,Partially cloudy,partly-cloudy-day,"94767099999,94766099999,95765099999,D5330,94768099999,94759099999,94765099999"
Sydney,2022-11-12T13:00:00,26.4,26.4,17.2,57.21,0,0,,0,0,16.2,19.9,145,10.8,10,997,3.6,10,10,Clear,clear-day,"94767099999,94766099999,95765099999,D5330,94768099999,94759099999,94765099999"
Sydney,2022-11-12T14:00:00,26.3,26.3,16.8,56.19,0,0,,0,0,14,18.4,126,7.2,10,768,2.8,8,10,Clear,clear-day,"94767099999,94766099999,95765099999,D5330,94768099999,94759099999,94765099999"
Sydney,2022-11-12T15:00:00,27,27.7,16.8,53.38,0,0,,0,0,13.7,24,138,40,30,103,0.4,1,10,Partially cloudy,partly-cloudy-day,"94767099999,94766099999,95765099999,D5330,94768099999,94759099999,94765099999"
Sydney,2022-11-12T16:00:00,25.1,25.1,17,60.79,0,0,,0,0,14.8,19.9,136,26.5,24.1,135,0.5,1,10,Partially cloudy,partly-cloudy-day,"94767099999,94766099999,95765099999,D5330,94768099999,94759099999,94765099999"
Sydney,2022-11-12T17:00:00,23.3,23.3,17.3,69.17,0,0,,0,0,11.9,21.2,145,36.1,24.1,162,0.6,2,10,Partially cloudy,partly-cloudy-day,"94767099999,94766099999,95765099999,D5330,94768099999,94759099999,94765099999"
Sydney,2022-11-12T18:00:00,21.5,21.5,17.6,78.43,0,0,rain,0,0,13.3,14.9,145,100,10,44,0.2,0,10,Overcast,cloudy,"94767099999,94766099999,95765099999,D5330,94768099999,94759099999,94765099999"
Sydney,2022-11-12T19:00:00,20.9,20.9,17.8,82.21,0,0,,0,0,14,17.9,150,2.4,24.1,33,0.1,0,10,Clear,clear-day,"94767099999,94766099999,95765099999,D5330,94768099999,94759099999,94765099999"
Sydney,2022-11-12T20:00:00,20.4,20.4,17.8,84.73,0,0,,0,0,15.1,13.6,128,3.9,10,6,0,0,10,Clear,clear-night,"94767099999,94766099999,95765099999,D5330,94768099999,94759099999,94765099999"
Sydney,2022-11-12T21:00:00,20.5,20.5,17.8,84.68,0,0,,0,0,10.4,9.1,142,91.5,25,0,0,0,10,Overcast,cloudy,"94767099999,94766099999,95765099999,94768099999,94759099999,94765099999"
Sydney,2022-11-12T22:00:00,20.3,20.3,18,86.67,0,0,,0,0,5.8,12.4,156,6.5,10,0,0,0,10,Clear,clear-night,"94767099999,94766099999,95765099999,94768099999,94759099999,94765099999"
Sydney,2022-11-12T23:00:00,19.8,19.8,17.8,88.24,0,0,,0,0,1.4,10.4,154,5,10,0,0,0,10,Clear,clear-night,"94767099999,94766099999,95765099999,94768099999,94759099999,94765099999"
Sydney,2022-11-13T00:00:00,19.6,19.6,17.8,89.34,0,0,,0,0,4.3,9.6,176,91.5,25,0,0,0,10,Overcast,cloudy,"94767099999,94766099999,95765099999,94768099999,94759099999,94765099999"
Sydney,2022-11-13T01:00:00,19.6,19.6,18,90.87,0,0,,0,0,3.6,4.6,169,97.4,10,0,0,0,10,Overcast,cloudy,"94767099999,94766099999,95765099999,94768099999,94759099999,94765099999"
Sydney,2022-11-13T02:00:00,19.1,19.1,17.6,91,0,0,,0,0,4.7,9,162,78.4,10,0,0,0,10,Partially cloudy,partly-cloudy-night,"94767099999,94766099999,95765099999,94768099999,94759099999,94765099999"
Sydney,2022-11-13T03:00:00,19.2,19.2,17.9,92.17,0,0,,0,0,4.7,4.5,183,90,22,0,0,0,10,Partially cloudy,partly-cloudy-night,"94767099999,94766099999,95765099999,94768099999,94759099999,94765099999"
Sydney,2022-11-13T04:00:00,18.7,18.7,17.5,92.7,0,0,,0,0,4.3,4.6,165,52.6,10,0,0,0,10,Partially cloudy,partly-cloudy-night,"94767099999,94766099999,95765099999,94768099999,94759099999,94765099999"
Sydney,2022-11-13T05:00:00,19,19,18,94.06,0,0,,0,0,2.5,4.8,174,88.3,10,0,0,0,10,Partially cloudy,partly-cloudy-night,"94767099999,94766099999,95765099999,94768099999,94759099999,94765099999"
Sydney,2022-11-13T06:00:00,18.8,18.8,17.6,92.7,0,0,,0,0,4,3.3,250,88.5,25,15,0.1,0,10,Partially cloudy,partly-cloudy-day,"94767099999,94766099999,95765099999,D5330,94768099999,94759099999,94765099999"
Sydney,2022-11-13T07:00:00,19.1,19.1,17.9,92.88,0,0,,0,0,9.4,2.6,120,100,10,40,0.1,0,10,Overcast,cloudy,"94767099999,94766099999,95765099999,D5330,94768099999,94759099999,94765099999"
Sydney,2022-11-13T08:00:00,20.1,20.1,18.5,90.28,0,0,,0,0,8.6,2.5,15,100,24.1,105,0.4,1,10,Overcast,cloudy,"94767099999,94766099999,95765099999,D5330,94768099999,94759099999,94765099999"
Sydney,2022-11-13T09:00:00,21.2,21.2,18.5,84.62,0,0,,0,0,16.9,7.2,291,92.4,19.8,193,0.7,2,10,Overcast,cloudy,"94767099999,94766099999,95765099999,D5330,94768099999,94759099999,94765099999"
Sydney,2022-11-13T10:00:00,21.7,21.7,17.9,78.97,0,0,rain,0,0,18,13.6,295,100,10,171,0.6,2,10,Overcast,cloudy,"94767099999,94766099999,95765099999,D5330,94768099999,94759099999,94765099999"
Sydney,2022-11-13T11:00:00,20,20,18.5,90.85,0,0,rain,0,0,22.7,8.1,343,100,10,75,0.3,1,3,Overcast,cloudy,"94767099999,94766099999,95765099999,D5330,94768099999,94759099999,94765099999"
Sydney,2022-11-13T12:00:00,21.1,21.1,19.1,88.42,0,0,,0,0,28.1,9.5,321,100,12,199,0.7,2,10,Overcast,cloudy,"94767099999,94766099999,95765099999,D5330,94768099999,94759099999,94765099999"
Sydney,2022-11-13T13:00:00,23.1,23.1,20.1,83.21,0,0,,0,0,32.8,11.8,32,100,10,390,1.4,4,10,Overcast,cloudy,"94767099999,94766099999,95765099999,D5330,94768099999,94759099999,94765099999"
Sydney,2022-11-13T14:00:00,24.7,24.7,19.7,73.41,0,0,rain,0,0,30.6,21.8,11,100,10,414,1.5,4,3,Overcast,cloudy,"94767099999,94766099999,95765099999,D5330,94768099999,94759099999,94765099999"
Sydney,2022-11-13T15:00:00,25.3,25.3,19.2,68.89,2.218,100,rain,0,0,30.2,24.8,5,85.4,25,312,1.1,3,10,"Rain, Partially cloudy",rain,"94767099999,94766099999,95765099999,D5330,94768099999,94759099999,94765099999"
Sydney,2022-11-13T16:00:00,24.5,24.5,18.4,68.9,0,0,,0,0,35.3,22.7,351,100,24.1,183,0.7,2,3,Overcast,cloudy,"94767099999,94766099999,95765099999,D5330,94768099999,94759099999,94765099999"
Sydney,2022-11-13T17:00:00,24.3,24.3,18.5,69.97,0,0,,0,0,40,25.2,344,100,10,137,0.5,1,10,Overcast,cloudy,"94767099999,94766099999,95765099999,D5330,94768099999,94759099999,94765099999"
Sydney,2022-11-13T18:00:00,24,24,18.5,71.44,0,0,rain,0,0,41.4,26.2,349,100,25,54,0.2,1,10,Overcast,cloudy,"94767099999,94766099999,95765099999,D5330,94768099999,94759099999,94765099999"
Sydney,2022-11-13T19:00:00,23.4,23.4,18.7,74.9,0,0,,0,0,42.5,21.2,358,100,24.1,17,0.1,0,3,Overcast,cloudy,"94767099999,94766099999,95765099999,D5330,94768099999,94759099999,94765099999"
Sydney,2022-11-13T20:00:00,22.2,22.2,19.6,85.05,0,0,,0,0,40,14.9,8,100,10,1,0,0,3,Overcast,cloudy,"94767099999,94766099999,95765099999,D5330,94768099999,94759099999,94765099999"
Sydney,2022-11-13T21:00:00,21.4,21.4,19.6,89.12,0.376,100,rain,0,0,31,19.3,8,100,20,0,0,0,10,"Rain, Overcast",rain,"94767099999,94766099999,95765099999,94768099999,94759099999,94765099999"
Sydney,2022-11-13T22:00:00,21.1,21.1,19.7,91.69,0,0,rain,0,0,41,18.1,14,100,10,0,0,0,10,Overcast,cloudy,"94767099999,94766099999,95765099999,94768099999,94759099999,94765099999"
Sydney,2022-11-13T23:00:00,20.9,20.9,19.7,92.94,0,0,rain,0,0,45,16.9,17,100,10,0,0,0,10,Overcast,cloudy,"94767099999,94766099999,95765099999,94768099999,94759099999,94765099999"
Sydney,2022-11-14T00:00:00,20.7,20.7,19.3,91.74,0,0,rain,0,0,54,9.9,355,100,6.8,0,0,0,3,Overcast,cloudy,"94767099999,94766099999,95765099999,94768099999,94759099999,94765099999"
Sydney,2022-11-14T01:00:00,20.2,20.2,19.3,94.6,0,0,rain,0,0,55.4,15,21,100,10,0,0,0,10,Overcast,cloudy,"94767099999,94766099999,95765099999,94768099999,94759099999,94765099999"
Sydney,2022-11-14T02:00:00,19.1,19.1,18.7,97.31,0,0,rain,0,0,45.7,11.8,338,100,10,0,0,0,10,Overcast,cloudy,"94767099999,94766099999,95765099999,94768099999,94759099999,94765099999"
Sydney,2022-11-14T03:00:00,18.4,18.4,18.1,98.31,23.15,100,rain,0,0,43.2,13.7,14,100,20,0,0,0,10,"Rain, Overcast",rain,"94767099999,94766099999,95765099999,94768099999,94759099999,94765099999"
Sydney,2022-11-14T04:00:00,18.2,18.2,18,98.89,0,0,,0,0,47.5,11.5,29,28,10,0,0,0,10,Partially cloudy,partly-cloudy-night,"94767099999,94766099999,95765099999,94768099999,94759099999,94765099999"
Sydney,2022-11-14T05:00:00,18.6,18.6,18.5,99.5,0,0,,0,0,49,1.7,31,4.8,10,0,0,0,10,Clear,clear-night,"94767099999,94766099999,95765099999,94768099999,94759099999,94765099999"
Sydney,2022-11-14T06:00:00,18.9,18.9,18.8,99.5,0,0,rain,0,0,43.6,7.7,17,91.5,22,4,0,0,10,Overcast,cloudy,"94767099999,94766099999,95765099999,D5330,94768099999,94759099999,94765099999"
Sydney,2022-11-14T07:00:00,19.6,19.6,19.1,97.3,0,0,,0,0,43.6,15.7,258,2.9,10,20,0.1,0,10,Clear,clear-day,"94767099999,94766099999,95765099999,D5330,94768099999,94759099999,94765099999"
Sydney,2022-11-14T08:00:00,18.9,18.9,16.7,87.03,0,0,,0,0,31.3,10.3,269,7.4,10,66,0.2,1,10,Clear,clear-day,"94767099999,94766099999,95765099999,D5330,94768099999,94759099999,94765099999"
Sydney,2022-11-14T09:00:00,20.8,20.8,15.8,73.24,0.253,100,rain,0,0,30.2,10.5,286,10,30,389,1.4,4,10,Rain,rain,"94767099999,94766099999,95765099999,D5330,94768099999,94759099999,94765099999"
Sydney,2022-11-14T10:00:00,23.3,23.3,14.4,57.18,0,0,,0,0,38.2,15.9,315,0,10,584,2.1,6,10,Clear,clear-day,"94767099999,94766099999,95765099999,D5330,94768099999,94759099999,94765099999"
Sydney,2022-11-14T11:00:00,24.8,24.8,8.8,36.25,0,0,,0,0,42.5,27.8,293,0,24.1,780,2.8,8,10,Clear,clear-day,"94767099999,94766099999,95765099999,D5330,94768099999,94759099999,94765099999"
Sydney,2022-11-14T12:00:00,25.5,25.5,8.8,34.73,0,0,,0,0,46.1,30.1,297,27,30,796,2.9,8,10,Partially cloudy,partly-cloudy-day,"94767099999,94766099999,95765099999,D5330,94768099999,94759099999,94765099999"
Sydney,2022-11-14T13:00:00,26.7,26.4,9.2,33.23,0,0,,0,0,47.9,34.1,295,17.3,10,994,3.6,10,10,Clear,clear-day,"94767099999,94766099999,95765099999,D5330,94768099999,94759099999,94765099999"
Sydney,2022-11-14T14:00:00,26.7,26.3,8.9,32.7,0,0,,0,0,45.4,38.2,286,39.4,10,205,0.7,2,10,Partially cloudy,partly-cloudy-day,"94767099999,94766099999,95765099999,D5330,94768099999,94759099999,94765099999"
Sydney,2022-11-14T15:00:00,27.5,26.9,10.1,33.55,0.174,100,rain,0,0,46.8,37.5,277,30,30,109,0.4,1,10,"Rain, Partially cloudy",rain,"94767099999,94766099999,95765099999,D5330,94768099999,94759099999,94765099999"
Sydney,2022-11-14T16:00:00,26.4,26.4,8.8,32.89,0,0,,0,0,47.5,30.4,292,8.3,10,101,0.4,1,10,Clear,clear-day,"94767099999,94766099999,95765099999,D5330,94768099999,94759099999,94765099999"
Sydney,2022-11-14T17:00:00,25.7,25.7,9.5,35.96,0,0,,0,0,44.3,28.3,262,0.6,10,98,0.4,1,10,Clear,clear-day,"94767099999,94766099999,95765099999,D5330,94768099999,94759099999,94765099999"
Sydney,2022-11-14T18:00:00,24.2,24.2,10.3,41.37,0,0,,0,0,40.3,23.6,256,0,10,67,0.2,1,10,Clear,clear-day,"94767099999,94766099999,95765099999,D5330,94768099999,94759099999,94765099999"
Sydney,2022-11-14T19:00:00,23.6,23.6,8.7,38.77,0,0,,0,0,34.6,19.1,254,0,10,25,0.1,0,10,Clear,clear-day,"94767099999,94766099999,95765099999,D5330,94768099999,94759099999,94765099999"
Sydney,2022-11-14T20:00:00,22.3,22.3,8.8,42.16,0,0,,0,0,27.4,20.3,261,0,10,8,0,0,10,Clear,clear-night,"94767099999,94766099999,95765099999,D5330,94768099999,94759099999,94765099999"
Sydney,2022-11-14T21:00:00,21.4,21.4,9,44.95,0,0,,0,0,30.2,12.8,252,10,30,0,0,0,10,Clear,clear-night,"94767099999,94766099999,95765099999,94768099999,94759099999,94765099999"
Sydney,2022-11-14T22:00:00,19.5,19.5,10,54.2,0,0,,0,0,32.4,10,291,0,10,0,0,0,10,Clear,clear-night,"94767099999,94766099999,95765099999,94768099999,94759099999,94765099999"
Sydney,2022-11-14T23:00:00,18.8,18.8,10.4,58.35,0,0,,0,0,34.6,9.6,301,0,10,0,0,0,10,Clear,clear-night,"94767099999,94766099999,95765099999,94768099999,94759099999,94765099999"
Sydney,2022-11-15T00:00:00,18.7,18.7,10.5,58.93,0,0,,0,0,34.2,9.2,311,10,30,0,0,0,10,Clear,clear-night,"94767099999,94766099999,95765099999,94768099999,94759099999,94765099999"
Sydney,2022-11-15T01:00:00,18.2,18.2,10.7,61.48,0,0,,0,0,33.5,7.6,315,0,10,0,0,0,10,Clear,clear-night,"94767099999,94766099999,95765099999,94768099999,94759099999,94765099999"
Sydney,2022-11-15T02:00:00,17.4,17.4,11.2,66.84,0,0,,0,0,30.2,6.1,304,0,10,0,0,0,10,Clear,clear-night,"94767099999,94766099999,95765099999,94768099999,94759099999,94765099999"
Sydney,2022-11-15T03:00:00,16.9,16.9,11.4,70.13,0,0,,0,0,22,5.3,291,3.8,30,0,0,0,10,Clear,clear-night,"94767099999,94766099999,95765099999,94768099999,94759099999,94765099999"
Sydney,2022-11-15T04:00:00,16.8,16.8,11.2,69.36,0,0,,0,0,15.5,6.2,283,5,10,0,0,0,10,Clear,clear-night,"94767099999,94766099999,95765099999,94768099999,94759099999,94765099999"
Sydney,2022-11-15T05:00:00,16.7,16.7,11.1,69.49,0,0,,0,0,10.8,7.2,279,4,10,0,0,0,10,Clear,clear-night,"94767099999,94766099999,95765099999,94768099999,94759099999,94765099999"
Sydney,2022-11-15T06:00:00,16.1,16.1,11.1,72.34,0,0,,0,0,14.8,7.1,254,10,30,11,0,0,10,Clear,clear-day,"94767099999,94766099999,95765099999,D5330,94768099999,94759099999,94765099999"
Sydney,2022-11-15T07:00:00,17.3,17.3,10.8,65.75,0,0,,0,0,23.4,7.5,238,0.8,10,66,0.2,1,10,Clear,clear-day,"94767099999,94766099999,95765099999,D5330,94768099999,94759099999,94765099999"
Sydney,2022-11-15T08:00:00,18.4,18.4,10.4,59.34,0,0,,0,0,27.7,10.4,227,3,10,111,0.4,1,10,Clear,clear-day,"94767099999,94766099999,95765099999,D5330,94768099999,94759099999,94765099999"
Sydney,2022-11-15T09:00:00,20.3,20.3,10.8,54.29,0,0,,0,0,24.8,13.7,195,30,30,330,1.2,3,10,Partially cloudy,partly-cloudy-day,"94767099999,94766099999,95765099999,D5330,94768099999,94759099999,94765099999"
Sydney,2022-11-15T10:00:00,21.5,21.5,11.6,53.31,0,0,,0,0,20.9,15.2,185,11.5,10,513,1.8,5,10,Clear,clear-day,"94767099999,94766099999,95765099999,D5330,94768099999,94759099999,94765099999"
Sydney,2022-11-15T11:00:00,22.6,22.6,11.7,49.95,0,0,,0,0,19.4,17,153,81.1,10,715,2.6,7,10,Partially cloudy,partly-cloudy-day,"94767099999,94766099999,95765099999,D5330,94768099999,94759099999,94765099999"
Sydney,2022-11-15T12:00:00,21.9,21.9,13.5,59.12,0,0,,0,0,20.2,16.8,145,91.5,25,484,1.7,5,10,Overcast,cloudy,"94767099999,94766099999,95765099999,D5330,94768099999,94759099999,94765099999"
Sydney,2022-11-15T13:00:00,22.4,22.4,15.1,63.33,0,0,,0,0,17.6,15.1,115,98.6,10,461,1.7,5,10,Overcast,cloudy,"94767099999,94766099999,95765099999,D5330,94768099999,94759099999,94765099999"
Sydney,2022-11-15T14:00:00,24.4,24.4,15,56.04,0,0,,0,0,14.8,14.2,117,34.4,10,396,1.4,4,10,Partially cloudy,partly-cloudy-day,"94767099999,94766099999,95765099999,D5330,94768099999,94759099999,94765099999"
Sydney,2022-11-15T15:00:00,22.4,22.4,14.8,61.93,0,0,,0,0,11.5,14.7,104,91.5,25,160,0.6,2,10,Overcast,cloudy,"94767099999,94766099999,95765099999,D5330,94768099999,94759099999,94765099999"
Sydney,2022-11-15T16:00:00,21.7,21.7,15.3,66.61,0,0,,0,0,9.7,16.5,83,91.1,10,131,0.5,1,10,Overcast,cloudy,"94767099999,94766099999,95765099999,D5330,94768099999,94759099999,94765099999"
Sydney,2022-11-15T17:00:00,21.1,21.1,14.9,67.82,0,0,,0,0,12.2,16.6,118,86.6,10,107,0.4,1,10,Partially cloudy,partly-cloudy-day,"94767099999,94766099999,95765099999,D5330,94768099999,94759099999,94765099999"
Sydney,2022-11-15T18:00:00,19.6,19.6,14.7,73.3,0,0,,0,0,7.6,17.3,124,100,10,97,0.3,1,10,Overcast,cloudy,"94767099999,94766099999,95765099999,D5330,94768099999,94759099999,94765099999"
Sydney,2022-11-15T19:00:00,18.7,18.7,15.4,81.06,0,0,rain,0,0,19.8,13.8,136,73.2,10,23,0.1,0,10,Partially cloudy,partly-cloudy-day,"94767099999,94766099999,95765099999,D5330,94768099999,94759099999,94765099999"
Sydney,2022-11-15T20:00:00,17.7,17.7,15.8,89.19,0,0,,0,0,35.6,13.3,141,85,24.1,11,0,0,10,Partially cloudy,partly-cloudy-night,"94767099999,94766099999,95765099999,D5330,94768099999,94759099999,94765099999"
Sydney,2022-11-15T21:00:00,17.7,17.7,15.8,88.81,0.678,100,rain,0,0,30.6,10.5,167,47,25,0,0,0,10,"Rain, Partially cloudy",rain,"94767099999,94766099999,95765099999,94768099999,94759099999,94765099999"
Sydney,2022-11-15T22:00:00,17.1,17.1,14.9,86.86,0,0,,0,0,29.9,10.3,199,100,10,0,0,0,10,Overcast,cloudy,"94767099999,94766099999,95765099999,94768099999,94759099999,94765099999"
Sydney,2022-11-15T23:00:00,16,16,9.4,64.96,0,0,,0,0,31,16.8,214,62.5,10,0,0,0,10,Partially cloudy,partly-cloudy-night,"94767099999,94766099999,95765099999,94768099999,94759099999,94765099999"
Sydney,2022-11-16T00:00:00,15.8,15.8,6.5,53.86,0,0,,0,0,34.9,17.7,215,34.6,30,0,0,0,10,Partially cloudy,partly-cloudy-night,"94767099999,94766099999,95765099999,94768099999,94759099999,94765099999"
Sydney,2022-11-16T01:00:00,15.1,15.1,4.7,49.8,0,0,,0,0,33.8,17,205,100,10,0,0,0,10,Overcast,cloudy,"94767099999,94766099999,95765099999,94768099999,94759099999,94765099999"
Sydney,2022-11-16T02:00:00,14.3,14.3,5,53.8,0,0,,0,0,34.6,13.5,195,98.4,10,0,0,0,10,Overcast,cloudy,"94767099999,94766099999,95765099999,94768099999,94759099999,94765099999"
Sydney,2022-11-16T03:00:00,13.6,13.6,3.4,50.21,0,0,,0,0,35.3,15.6,213,80.9,30,0,0,0,10,Partially cloudy,partly-cloudy-night,"94767099999,94766099999,95765099999,94768099999,94759099999,94765099999"
Sydney,2022-11-16T04:00:00,13.3,13.3,2.3,47.27,0,0,,0,0,37.1,17.2,212,6.8,10,0,0,0,10,Clear,clear-night,"94767099999,94766099999,95765099999,94768099999,94759099999,94765099999"
Sydney,2022-11-16T05:00:00,13.3,13.3,2.8,49.09,0,0,,0,0,37.4,14,234,4.3,10,0,0,0,10,Clear,clear-night,"94767099999,94766099999,95765099999,94768099999,94759099999,94765099999"
Sydney,2022-11-16T06:00:00,13,13,2.2,47.87,0,0,,0,0,38.9,11.7,256,40,30,21,0.1,0,10,Partially cloudy,partly-cloudy-day,"94767099999,94766099999,95765099999,D5330,94768099999,94759099999,94765099999"
Sydney,2022-11-16T07:00:00,13.3,13.3,3.6,51.79,0,0,,0,0,32.4,11.3,256,0,10,73,0.3,1,10,Clear,clear-day,"94767099999,94766099999,95765099999,D5330,94768099999,94759099999,94765099999"
Sydney,2022-11-16T08:00:00,14.5,14.5,1.9,42.47,0,0,,0,0,27,17.1,245,0,24.1,144,0.5,1,10,Clear,clear-day,"94767099999,94766099999,95765099999,D5330,94768099999,94759099999,94765099999"
Sydney,2022-11-16T09:00:00,15.9,15.9,2.9,41.76,0,0,,0,0,23.8,24.9,251,30,30,401,1.4,4,10,Partially cloudy,partly-cloudy-day,"94767099999,94766099999,95765099999,D5330,94768099999,94759099999,94765099999"
Sydney,2022-11-16T10:00:00,17.3,17.3,1.3,33.95,0,0,,0,0,22.7,23,248,5,10,595,2.1,6,10,Clear,clear-day,"94767099999,94766099999,95765099999,D5330,94768099999,94759099999,94765099999"
Sydney,2022-11-16T11:00:00,19.1,19.1,3.1,34.64,0,0,,0,0,22.3,19.6,251,59.9,10,777,2.8,8,10,Partially cloudy,partly-cloudy-day,"94767099999,94766099999,95765099999,D5330,94768099999,94759099999,94765099999"
Sydney,2022-11-16T12:00:00,20.4,20.4,2.5,30.54,0,0,,0,0,21.2,21.3,213,98.5,10,532,1.9,5,10,Overcast,cloudy,"94767099999,94766099999,95765099999,D5330,94768099999,94759099999,94765099999"
Sydney,2022-11-16T13:00:00,20.1,20.1,2.1,30.34,0,0,,0,0,20.5,19.1,223,100,10,273,1,3,10,Overcast,cloudy,"94767099999,94766099999,95765099999,D5330,94768099999,94759099999,94765099999"
Sydney,2022-11-16T14:00:00,16.8,16.8,6.6,50.94,0,0,rain,0,0,20.5,24.4,218,93.3,10,100,0.4,1,10,Overcast,cloudy,"94767099999,94766099999,95765099999,D5330,94768099999,94759099999,94765099999"
Sydney,2022-11-16T15:00:00,15.4,15.4,6.2,54.42,2.853,100,rain,0,0,27.4,23.6,245,91.5,25,182,0.7,2,10,"Rain, Overcast",rain,"94767099999,94766099999,95765099999,D5330,94768099999,94759099999,94765099999"
Sydney,2022-11-16T16:00:00,14.6,14.6,8,64.33,0,0,rain,0,0,24.5,29.2,189,100,10,170,0.6,2,10,Overcast,cloudy,"94767099999,94766099999,95765099999,D5330,94768099999,94759099999,94765099999"
Sydney,2022-11-16T17:00:00,14.3,14.3,7,61.49,0,0,,0,0,21.6,24.4,163,99.4,10,108,0.4,1,10,Overcast,cloudy,"94767099999,94766099999,95765099999,D5330,94768099999,94759099999,94765099999"
Sydney,2022-11-16T18:00:00,14.7,14.7,6.5,58.05,0,0,,0,0,26.6,13.3,150,17.6,30,59,0.2,1,10,Clear,clear-day,"94767099999,94766099999,95765099999,D5330,94768099999,94759099999,94765099999"
Sydney,2022-11-16T19:00:00,14.1,14.1,6.9,61.58,0,0,,0,0,22.3,18.7,160,3.8,10,27,0.1,0,10,Clear,clear-day,"94767099999,94766099999,95765099999,D5330,94768099999,94759099999,94765099999"
Sydney,2022-11-16T20:00:00,13.7,13.7,5.7,58.61,0,0,,0,0,22,15.7,197,1,10,9,0,0,10,Clear,clear-night,"94767099999,94766099999,95765099999,D5330,94768099999,94759099999,94765099999"
Sydney,2022-11-16T21:00:00,13,13,5.8,61.25,0.018,100,rain,0,0,25.2,12.8,187,10,30,0,0,0,10,Rain,rain,"94767099999,94766099999,95765099999,94768099999,94759099999,94765099999"
Sydney,2022-11-16T22:00:00,12.5,12.5,6,64.34,0,0,,0,0,19.1,8.8,233,5,10,0,0,0,10,Clear,clear-night,"94767099999,94766099999,95765099999,94768099999,94759099999,94765099999"
Sydney,2022-11-16T23:00:00,12.3,12.3,6,65.83,0,0,,0,0,19.4,9,287,5,10,0,0,0,10,Clear,clear-night,"94767099999,94766099999,95765099999,94768099999,94759099999,94765099999"
Sydney,2022-11-17T00:00:00,11.6,11.6,6.3,69.84,0,0,,0,0,22.7,13.7,280,30,30,0,0,0,10,Partially cloudy,partly-cloudy-night,"94767099999,94766099999,95765099999,94768099999,94759099999,94765099999"
Sydney,2022-11-17T01:00:00,11.3,11.3,6.2,71.25,0,0,rain,0,0,24.1,13.2,238,95.5,10,0,0,0,10,Overcast,cloudy,"94767099999,94766099999,95765099999,94768099999,94759099999,94765099999"
Sydney,2022-11-17T02:00:00,11.1,11.1,6.4,72.89,0,0,,0,0,26.3,1.7,249,26.9,10,0,0,0,10,Partially cloudy,partly-cloudy-night,"94767099999,94766099999,95765099999,94768099999,94759099999,94765099999"
Sydney,2022-11-17T03:00:00,11.1,11.1,5.9,70.19,0,0,,0,0,29.9,11.8,246,10,30,0,0,0,10,Clear,clear-night,"94767099999,94766099999,95765099999,94768099999,94759099999,94765099999"
Sydney,2022-11-17T04:00:00,11.3,11.3,6.8,73.63,0,0,,0,0,28.8,11.9,262,4.8,10,0,0,0,10,Clear,clear-night,"94767099999,94766099999,95765099999,94768099999,94759099999,94765099999"
Sydney,2022-11-17T05:00:00,10.3,10.3,6.7,78.78,0,0,,0,0,22.7,11.4,264,1.1,10,0,0,0,10,Clear,clear-night,"94767099999,94766099999,95765099999,94768099999,94759099999,94765099999"
Sydney,2022-11-17T06:00:00,10,8.3,7,81.76,0,0,,0,0,20.2,11.9,269,10,30,14,0.1,0,10,Clear,clear-day,"94767099999,94766099999,95765099999,D5330,94768099999,94759099999,94765099999"
Sydney,2022-11-17T07:00:00,11.2,11.2,7.7,78.68,0,0,,0,0,20.9,14.6,244,3.8,10,56,0.2,1,10,Clear,clear-day,"94767099999,94766099999,95765099999,D5330,94768099999,94759099999,94765099999"
Sydney,2022-11-17T08:00:00,13,13,7.5,69.12,0,0,,0,0,22.3,12.8,236,3.8,10,165,0.6,2,10,Clear,clear-day,"94767099999,94766099999,95765099999,D5330,94768099999,94759099999,94765099999"
Sydney,2022-11-17T09:00:00,15.4,15.4,7.9,61.06,0,0,,0,0,19.1,12.5,227,10,30,356,1.3,4,10,Clear,clear-day,"94767099999,94766099999,95765099999,D5330,94768099999,94759099999,94765099999"
Sydney,2022-11-17T10:00:00,17.3,17.3,6,47.49,0,0,,0,0,16.6,16.1,173,0,10,560,2,6,10,Clear,clear-day,"94767099999,94766099999,95765099999,D5330,94768099999,94759099999,94765099999"
Sydney,2022-11-17T11:00:00,18,18,5.5,43.77,0,0,,0,0,16.6,19,144,3.5,10,779,2.8,8,10,Clear,clear-day,"94767099999,94766099999,95765099999,D5330,94768099999,94759099999,94765099999"
Sydney,2022-11-17T12:00:00,19,19,6.8,44.96,0,0,,0,0,18.4,24,152,40.7,30,928,3.3,9,10,Partially cloudy,partly-cloudy-day,"94767099999,94766099999,95765099999,D5330,94768099999,94759099999,94765099999"
Sydney,2022-11-17T13:00:00,18.8,18.8,5.7,42.13,0,0,,0,0,20.2,25,144,16.3,10,1044,3.8,10,10,Clear,clear-day,"94767099999,94766099999,95765099999,D5330,94768099999,94759099999,94765099999"
Sydney,2022-11-17T14:00:00,19.1,19.1,6.9,45.21,0,0,,0,0,19.4,25.2,140,9.1,10,574,2.1,6,10,Clear,clear-day,"94767099999,94766099999,95765099999,D5330,94768099999,94759099999,94765099999"
Sydney,2022-11-17T15:00:00,18.9,18.9,7,45.73,0.002,100,rain,0,0,22,27.5,142,23.7,30,82,0.3,1,10,"Rain, Partially cloudy",rain,"94767099999,94766099999,95765099999,D5330,94768099999,94759099999,94765099999"
Sydney,2022-11-17T16:00:00,18.9,18.9,6.5,44.46,0,0,,0,0,25.6,26.1,151,10.7,24.1,68,0.2,1,10,Clear,clear-day,"94767099999,94766099999,95765099999,D5330,94768099999,94759099999,94765099999"
Sydney,2022-11-17T17:00:00,19.1,19.1,8,48.8,0,0,,0,0,25.9,26.2,162,7.1,10,68,0.2,1,10,Clear,clear-day,"94767099999,94766099999,95765099999,D5330,94768099999,94759099999,94765099999"
Sydney,2022-11-17T18:00:00,17.5,17.5,7.6,52.05,0,0,,0,0,27.4,23.2,164,0.8,24.1,50,0.2,1,10,Clear,clear-day,"94767099999,94766099999,95765099999,D5330,94768099999,94759099999,94765099999"
Sydney,2022-11-17T19:00:00,16.6,16.6,8,56.89,0,0,,0,0,27,22.9,164,0,10,31,0.1,0,10,Clear,clear-day,"94767099999,94766099999,95765099999,D5330,94768099999,94759099999,94765099999"
Sydney,2022-11-17T20:00:00,16.1,16.1,8.7,61.32,0,0,,0,0,27.7,20.8,160,0,10,10,0,0,10,Clear,clear-night,"94767099999,94766099999,95765099999,D5330,94768099999,94759099999,94765099999"
Sydney,2022-11-17T21:00:00,15.8,15.8,8.9,63.42,0,0,,0,0,24.5,20.2,169,35.4,25,0,0,0,10,Partially cloudy,partly-cloudy-night,"94767099999,94766099999,95765099999,94768099999,94759099999,94765099999"
Sydney,2022-11-17T22:00:00,15.8,15.8,9.1,64.44,0,0,,0,0,24.5,16.5,183,21.8,10,0,0,0,10,Partially cloudy,partly-cloudy-night,"94767099999,94766099999,95765099999,94768099999,94759099999,94765099999"
Sydney,2022-11-17T23:00:00,15.9,15.9,9.2,64.11,0,0,rain,0,0,24.8,17.9,201,47.5,10,0,0,0,10,Partially cloudy,partly-cloudy-night,"94767099999,94766099999,95765099999,94768099999,94759099999,94765099999"
Sydney,2022-11-18T00:00:00,15.9,15.9,8.3,60.56,0,0,rain,0,0,26.3,15.9,236,83,25,0,0,0,10,Partially cloudy,partly-cloudy-night,"94767099999,94766099999,95765099999,94768099999,94759099999,94765099999"
Sydney,2022-11-18T01:00:00,14.6,14.6,9,69.36,0,0,rain,0,0,27,12.7,246,81.4,10,0,0,0,10,Partially cloudy,partly-cloudy-night,"94767099999,94766099999,95765099999,94768099999,94759099999,94765099999"
Sydney,2022-11-18T02:00:00,14,14,8.7,70.43,0,0,rain,0,0,24.8,13,243,59.9,10,0,0,0,10,Partially cloudy,partly-cloudy-night,"94767099999,94766099999,95765099999,94768099999,94759099999,94765099999"
Sydney,2022-11-18T03:00:00,13.3,13.3,8.5,72.76,0,0,rain,0,0,23.8,12,244,41.5,25,0,0,0,10,Partially cloudy,partly-cloudy-night,"94767099999,94766099999,95765099999,94768099999,94759099999,94765099999"
Sydney,2022-11-18T04:00:00,12.8,12.8,8.5,75.16,0,0,rain,0,0,24.5,12.6,257,6.1,10,0,0,0,10,Clear,clear-night,"94767099999,94766099999,95765099999,94768099999,94759099999,94765099999"
Sydney,2022-11-18T05:00:00,12.6,12.6,7.8,72.63,0,0,rain,0,0,24.8,14,242,5.2,10,0,0,0,10,Clear,clear-night,"94767099999,94766099999,95765099999,94768099999,94759099999,94765099999"
Sydney,2022-11-18T06:00:00,12.7,12.7,7.3,69.58,0,0,,0,0,24.5,13.6,243,10,30,6,0,0,10,Clear,clear-day,"94767099999,94766099999,95765099999,D5330,94768099999,94759099999,94765099999"
Sydney,2022-11-18T07:00:00,13.4,13.4,7.1,65.84,0,0,rain,0,0,23.8,13.3,235,15.7,10,78,0.3,1,10,Clear,clear-day,"94767099999,94766099999,95765099999,D5330,94768099999,94759099999,94765099999"
Sydney,2022-11-18T08:00:00,14.3,14.3,6.9,60.97,0,0,,0,0,23.4,17.2,239,7.3,10,146,0.5,1,10,Clear,clear-day,"94767099999,94766099999,95765099999,D5330,94768099999,94759099999,94765099999"
Sydney,2022-11-18T09:00:00,17.1,17.1,7.1,51.83,0,0,,0,0,20.2,19,200,10,30,361,1.3,4,10,Clear,clear-day,"94767099999,94766099999,95765099999,D5330,94768099999,94759099999,94765099999"
Sydney,2022-11-18T10:00:00,18.9,18.9,9,52.6,0,0,,0,0,18.4,16.9,169,0.9,10,603,2.2,6,10,Clear,clear-day,"94767099999,94766099999,95765099999,D5330,94768099999,94759099999,94765099999"
Sydney,2022-11-18T11:00:00,19.4,19.4,9.2,51.58,0,0,,0,0,19.1,17,181,2.1,10,741,2.7,7,10,Clear,clear-day,"94767099999,94766099999,95765099999,D5330,94768099999,94759099999,94765099999"
Sydney,2022-11-18T12:00:00,20.1,20.1,7.8,45.02,0,0,,0,0,20.2,21.7,147,22.2,30,935,3.4,9,10,Partially cloudy,partly-cloudy-day,"94767099999,94766099999,95765099999,D5330,94768099999,94759099999,94765099999"
Sydney,2022-11-18T13:00:00,20.5,20.5,8.1,45.07,0,0,,0,0,20.5,23.9,141,45.4,10,1031,3.7,10,10,Partially cloudy,partly-cloudy-day,"94767099999,94766099999,95765099999,D5330,94768099999,94759099999,94765099999"
Sydney,2022-11-18T14:00:00,21.2,21.2,9.8,48.1,0,0,,0,0,19.8,26.4,145,38.2,10,591,2.1,6,10,Partially cloudy,partly-cloudy-day,"94767099999,94766099999,95765099999,D5330,94768099999,94759099999,94765099999"
Sydney,2022-11-18T15:00:00,20.9,20.9,9.5,48.26,0,0,,0,0,18.4,24.5,142,20.7,30,77,0.3,1,10,Partially cloudy,partly-cloudy-day,"94767099999,94766099999,95765099999,D5330,94768099999,94759099999,94765099999"
Sydney,2022-11-18T16:00:00,20.6,20.6,9.7,49.57,0,0,,0,0,19.4,25.3,138,4.9,10,62,0.2,1,10,Clear,clear-day,"94767099999,94766099999,95765099999,D5330,94768099999,94759099999,94765099999"
Sydney,2022-11-18T17:00:00,20.4,20.4,10,51.18,0,0,,0,0,19.8,22.2,137,1.9,10,50,0.2,1,10,Clear,clear-day,"94767099999,94766099999,95765099999,D5330,94768099999,94759099999,94765099999"
Sydney,2022-11-18T18:00:00,18.3,18.3,10.5,60.44,0,0,,0,0,19.8,20.2,141,10,10,45,0.2,0,10,Clear,clear-day,"94767099999,94766099999,95765099999,D5330,94768099999,94759099999,94765099999"
Sydney,2022-11-18T19:00:00,17.4,17.4,11.2,67.06,0,0,,0,0,19.4,14.9,122,0,10,29,0.1,0,10,Clear,clear-day,"94767099999,94766099999,95765099999,D5330,94768099999,94759099999,94765099999"
Sydney,2022-11-18T20:00:00,16.5,16.5,11.3,71.11,0,0,,0,0,17.6,12,127,0,10,9,0,0,10,Clear,clear-night,"94767099999,94766099999,95765099999,D5330,94768099999,94759099999,94765099999"
Sydney,2022-11-18T21:00:00,16,16,11.6,74.81,0,0,,0,0,13.3,10.3,133,30,30,0,0,0,10,Partially cloudy,partly-cloudy-night,"94767099999,94766099999,95765099999,94768099999,94759099999,94765099999"
Sydney,2022-11-18T22:00:00,15.7,15.7,11.7,77.13,0,0,,0,0,7.6,4,170,12.6,10,0,0,0,10,Clear,clear-night,"94767099999,94766099999,95765099999,94768099999,94759099999,94765099999"
Sydney,2022-11-18T23:00:00,15.4,15.4,11.5,77.51,0,0,,0,0,4.3,3.3,150,14.4,10,0,0,0,10,Clear,clear-night,"94767099999,94766099999,95765099999,94768099999,94759099999,94765099999"
Sydney,2022-11-19T00:00:00,15.3,15.3,11.6,78.66,0,0,,0,0,3.6,4.6,250,40,25,0,0,0,10,Partially cloudy,partly-cloudy-night,"94767099999,94766099999,95765099999,94768099999,94759099999,94765099999"
Sydney,2022-11-19T01:00:00,14.6,14.6,12.1,85.32,0,0,,0,0,5.4,4,240,2.1,10,0,0,0,10,Clear,clear-night,"94767099999,94766099999,95765099999,94768099999,94759099999,94765099999"
Sydney,2022-11-19T02:00:00,13.9,13.9,12.1,88.94,0,0,,0,0,7.6,2.8,229,5,10,0,0,0,10,Clear,clear-night,"94767099999,94766099999,95765099999,94768099999,94759099999,94765099999"
Sydney,2022-11-19T03:00:00,13.8,13.8,12.3,90.86,0,0,,0,0,9.7,2.9,245,40,25,0,0,0,10,Partially cloudy,partly-cloudy-night,"94767099999,94766099999,95765099999,94768099999,94759099999,94765099999"
Sydney,2022-11-19T04:00:00,13.6,13.6,12.3,91.74,0,0,,0,0,6.1,3.7,311,5.1,24.1,0,0,0,10,Clear,clear-night,"94767099999,94766099999,95765099999,94768099999,94759099999,94765099999"
Sydney,2022-11-19T05:00:00,13.3,13.3,11.9,91.16,0,0,,0,0,5.8,3.7,332,35.8,10,0,0,0,10,Partially cloudy,partly-cloudy-night,"94767099999,94766099999,95765099999,94768099999,94759099999,94765099999"
Sydney,2022-11-19T06:00:00,13.2,13.2,12.1,93.19,0,0,,0,0,6.1,4.2,334,64.6,30,29,0.1,0,10,Partially cloudy,partly-cloudy-day,"94767099999,94766099999,95765099999,D5330,94768099999,94759099999,94765099999"
Sydney,2022-11-19T07:00:00,14.2,14.2,12.5,89.68,0,0,,0,0,8.3,2.8,320,70,10,69,0.2,1,10,Partially cloudy,partly-cloudy-day,"94767099999,94766099999,95765099999,D5330,94768099999,94759099999,94765099999"
Sydney,2022-11-19T08:00:00,15.9,15.9,12.7,81.58,0,0,,0,0,13.7,4.2,9,4.6,10,148,0.5,1,10,Clear,clear-day,"94767099999,94766099999,95765099999,D5330,94768099999,94759099999,94765099999"
Sydney,2022-11-19T09:00:00,19,19,12.8,67.67,0,0,,0,0,15.8,13.3,345,43,30,337,1.2,3,10,Partially cloudy,partly-cloudy-day,"94767099999,94766099999,95765099999,D5330,94768099999,94759099999,94765099999"
Sydney,2022-11-19T10:00:00,21.1,21.1,13.6,62.29,0,0,,0,0,16.9,14.4,9,0,10,482,1.7,5,10,Clear,clear-day,"94767099999,94766099999,95765099999,D5330,94768099999,94759099999,94765099999"
Sydney,2022-11-19T11:00:00,21.8,21.8,13.8,60.25,0,0,,0,0,18.4,16,48,4.8,10,809,2.9,8,10,Clear,clear-day,"94767099999,94766099999,95765099999,D5330,94768099999,94759099999,94765099999"
Sydney,2022-11-19T12:00:00,22,22,13.4,58.3,0,0,,0,0,20.5,19.7,48,80,30,897,3.2,9,10,Partially cloudy,partly-cloudy-day,"94767099999,94766099999,95765099999,D5330,94768099999,94759099999,94765099999"
Sydney,2022-11-19T13:00:00,22.3,22.3,14.5,61.52,0,0,,0,0,22,24.9,61,100,10,922,3.3,9,10,Overcast,cloudy,"94767099999,94766099999,95765099999,D5330,94768099999,94759099999,94765099999"
Sydney,2022-11-19T14:00:00,21.8,21.8,14.2,61.92,0,0,,0,0,23,25.7,63,99.3,10,201,0.7,2,10,Overcast,cloudy,"94767099999,94766099999,95765099999,D5330,94768099999,94759099999,94765099999"
Sydney,2022-11-19T15:00:00,22.4,22.4,15.1,63.43,0,0,,0,0,27.7,26.7,57,40,30,149,0.5,1,10,Partially cloudy,partly-cloudy-day,"94767099999,94766099999,95765099999,D5330,94768099999,94759099999,94765099999"
Sydney,2022-11-19T16:00:00,22.6,22.6,14.5,60.23,0,0,,0,0,33.5,25.7,47,100,10,95,0.3,1,10,Overcast,cloudy,"94767099999,94766099999,95765099999,D5330,94768099999,94759099999,94765099999"
Sydney,2022-11-19T17:00:00,21.3,21.3,14.8,66.65,0,0,,0,0,40,25.1,45,95.3,10,127,0.5,1,10,Overcast,cloudy,"94767099999,94766099999,95765099999,D5330,94768099999,94759099999,94765099999"
Sydney,2022-11-19T18:00:00,21.3,21.3,15.5,69.68,0,0,,0,0,41.4,25.6,40,100,10,84,0.3,1,10,Overcast,cloudy,"94767099999,94766099999,95765099999,D5330,94768099999,94759099999,94765099999"
Sydney,2022-11-19T19:00:00,20.4,20.4,15.4,72.87,0,0,,0,0,41.4,25.6,35,100,10,57,0.2,1,10,Overcast,cloudy,"94767099999,94766099999,95765099999,D5330,94768099999,94759099999,94765099999"
Sydney,2022-11-19T20:00:00,20.2,20.2,15.6,74.85,0,0,,0,0,41.4,22.3,32,98.4,10,3,0,0,10,Overcast,cloudy,"94767099999,94766099999,95765099999,D5330,94768099999,94759099999,94765099999"
Sydney,2022-11-19T21:00:00,20.2,20.2,15,72.25,0,0,,0,0,32,17.8,25,91.5,30,0,0,0,10,Overcast,cloudy,"94767099999,94766099999,95765099999,94768099999,94759099999,94765099999"
Sydney,2022-11-19T22:00:00,20,20,15.8,76.75,0,0,,0,0,36,18,19,72.3,10,0,0,0,10,Partially cloudy,partly-cloudy-night,"94767099999,94766099999,95765099999,94768099999,94759099999,94765099999"
Sydney,2022-11-19T23:00:00,20.4,20.4,15.7,74.54,0,0,,0,0,36.7,8.9,341,6.8,10,0,0,0,10,Clear,clear-night,"94767099999,94766099999,95765099999,94768099999,94759099999,94765099999"
Sydney,2022-11-20T00:00:00,20.3,20.3,16.1,76.67,0,0,,0,0,50,7.3,327,90,22,0,0,0,10,Partially cloudy,partly-cloudy-night,"94767099999,94766099999,95765099999,94768099999,94759099999,94765099999"
Sydney,2022-11-20T01:00:00,19.5,19.5,16,80.14,0,0,,0,0,50.8,10.8,17,83.6,10,0,0,0,10,Partially cloudy,partly-cloudy-night,"94767099999,94766099999,95765099999,94768099999,94759099999,94765099999"
Sydney,2022-11-20T02:00:00,19.9,19.9,14.9,72.86,0,0,,0,0,29.2,13.2,15,12.1,10,0,0,0,10,Clear,clear-night,"94767099999,94766099999,95765099999,94768099999,94759099999,94765099999"
Sydney,2022-11-20T03:00:00,19.7,19.7,15.1,74.79,0.011,100,rain,0,0,14.4,11,6,91.5,25,0,0,0,10,"Rain, Overcast",rain,"94767099999,94766099999,95765099999,94768099999,94759099999,94765099999"
Sydney,2022-11-20T04:00:00,19.5,19.5,14.8,74.31,0,0,rain,0,0,10.8,5.8,270,52.9,10,0,0,0,10,Partially cloudy,partly-cloudy-night,"94767099999,94766099999,95765099999,94768099999,94759099999,94765099999"
Sydney,2022-11-20T05:00:00,18.9,18.9,16.2,84.51,0,0,,0,0,30.2,7.6,348,0,24.1,0,0,0,10,Clear,clear-night,"94767099999,94766099999,95765099999,94768099999,94759099999,94765099999"
Sydney,2022-11-20T06:00:00,18,18,16.1,88.69,0,0,,0,0,49,4.8,319,40,25,17,0.1,0,10,Partially cloudy,partly-cloudy-day,"94767099999,94766099999,95765099999,D5330,94768099999,94759099999,94765099999"
Sydney,2022-11-20T07:00:00,19.1,19.1,16.1,82.66,0,0,,0,0,46.1,12.9,331,0,10,53,0.2,1,10,Clear,clear-day,"94767099999,94766099999,95765099999,D5330,94768099999,94759099999,94765099999"
Sydney,2022-11-20T08:00:00,21.4,21.4,17.2,76.87,0,0,,0,0,45.4,14.5,297,0,10,134,0.5,1,10,Clear,clear-day,"94767099999,94766099999,95765099999,D5330,94768099999,94759099999,94765099999"
Sydney,2022-11-20T09:00:00,24,24,14,53.71,0.734,100,rain,0,0,45.4,27.3,275,10,40,388,1.4,4,10,Rain,rain,"94767099999,94766099999,95765099999,D5330,94768099999,94759099999,94765099999"
Sydney,2022-11-20T10:00:00,25,25,5.9,29.41,0,0,,0,0,52.2,35.9,268,0,10,608,2.2,6,10,Clear,clear-day,"94767099999,94766099999,95765099999,D5330,94768099999,94759099999,94765099999"
Sydney,2022-11-20T11:00:00,25.9,25.9,6.2,28.37,0,0,,0,0,48.2,39.1,277,0,10,782,2.8,8,10,Clear,clear-day,"94767099999,94766099999,95765099999,D5330,94768099999,94759099999,94765099999"
Sydney,2022-11-20T12:00:00,26,26,5.8,27.59,0,0,,0,0,48.6,37.7,265,10,30,937,3.4,9,10,Clear,clear-day,"94767099999,94766099999,95765099999,D5330,94768099999,94759099999,94765099999"
Sydney,2022-11-20T13:00:00,26.7,26,5,25.05,0,0,,0,0,48.2,35.7,259,0,10,1047,3.8,10,10,Clear,clear-day,"94767099999,94766099999,95765099999,D5330,94768099999,94759099999,94765099999"
Sydney,2022-11-20T14:00:00,26.7,26.7,7.3,29.36,0,0,,0,0,47.5,36.6,283,0,10,261,0.9,3,10,Clear,clear-day,"94767099999,94766099999,95765099999,D5330,94768099999,94759099999,94765099999"
Sydney,2022-11-20T15:00:00,25.4,25.4,6.1,28.93,0,0,,0,0,46.8,33.6,275,40,30,86,0.3,1,10,Partially cloudy,partly-cloudy-day,"94767099999,94766099999,95765099999,D5330,94768099999,94759099999,94765099999"
Sydney,2022-11-20T16:00:00,25.2,25.2,4.8,26.97,0,0,,0,0,46.1,41.5,273,0,10,54,0.2,1,10,Clear,clear-day,"94767099999,94766099999,95765099999,D5330,94768099999,94759099999,94765099999"
Sydney,2022-11-20T17:00:00,25.3,25.3,4.1,25.38,0,0,,0,0,44.3,36.1,277,0,10,46,0.2,0,10,Clear,clear-day,"94767099999,94766099999,95765099999,D5330,94768099999,94759099999,94765099999"
Sydney,2022-11-20T18:00:00,24.2,24.2,3,25.09,0,0,,0,0,41.8,30.9,274,0,24.1,38,0.1,0,10,Clear,clear-day,"94767099999,94766099999,95765099999,D5330,94768099999,94759099999,94765099999"
Sydney,2022-11-20T19:00:00,22.9,22.9,3.5,28.08,0,0,,0,0,38.2,26,278,0,10,27,0.1,0,10,Clear,clear-day,"94767099999,94766099999,95765099999,D5330,94768099999,94759099999,94765099999"
Sydney,2022-11-20T20:00:00,21.7,21.7,3.6,30.5,0,0,,0,0,38.9,20.4,296,0,10,7,0,0,10,Clear,clear-night,"94767099999,94766099999,95765099999,D5330,94768099999,94759099999,94765099999"
Sydney,2022-11-20T21:00:00,20.9,20.9,3.4,31.58,0,0,,0,0,35.6,17.5,296,10,30,0,0,0,10,Clear,clear-night,"94767099999,94766099999,95765099999,94768099999,94759099999,94765099999"
Sydney,2022-11-20T22:00:00,19.7,19.7,3.9,35.2,0,0,,0,0,29.5,16.7,291,13.5,10,0,0,0,10,Clear,clear-night,"94767099999,94766099999,95765099999,94768099999,94759099999,94765099999"
Sydney,2022-11-20T23:00:00,18.7,18.7,4.9,40.13,0,0,,0,0,21.2,15.7,292,100,10,0,0,0,10,Overcast,cloudy,"94767099999,94766099999,95765099999,94768099999,94759099999,94765099999"
Sydney,2022-11-21T00:00:00,18.4,18.4,5.1,41.47,0,0,,0,0,19.1,14.1,303,10,30,0,0,0,10,Clear,clear-night,"94767099999,94766099999,95765099999,94768099999,94759099999,94765099999"
Sydney,2022-11-21T01:00:00,18,18,4.7,41.45,0,0,,0,0,22,11.5,333,31.1,10,0,0,0,10,Partially cloudy,partly-cloudy-night,"94767099999,94766099999,95765099999,94768099999,94759099999,94765099999"
Sydney,2022-11-21T02:00:00,17.6,17.6,4.5,41.86,0,0,,0,0,26.3,14.6,335,6.8,10,0,0,0,10,Clear,clear-night,"94767099999,94766099999,95765099999,94768099999,94759099999,94765099999"
Sydney,2022-11-21T03:00:00,17.7,17.7,4.7,42.17,0,0,,0,0,30.2,14,338,80,30,0,0,0,10,Partially cloudy,partly-cloudy-night,"94767099999,94766099999,95765099999,94768099999,94759099999,94765099999"
Sydney,2022-11-21T04:00:00,18,18,5,42.32,0,0,,0,0,36.4,13.9,326,100,10,0,0,0,10,Overcast,cloudy,"94767099999,94766099999,95765099999,94768099999,94759099999,94765099999"
Sydney,2022-11-21T05:00:00,17.4,17.4,5.3,44.89,0,0,,0,0,36.7,12.2,321,82.9,10,0,0,0,10,Partially cloudy,partly-cloudy-night,"94767099999,94766099999,95765099999,94768099999,94759099999,94765099999"
Sydney,2022-11-21T06:00:00,17.8,17.8,5.5,44.35,0,0,,0,0,41.4,14,337,40,30,20,0.1,0,10,Partially cloudy,partly-cloudy-day,"94767099999,94766099999,95765099999,D5330,94768099999,94759099999,94765099999"
Sydney,2022-11-21T07:00:00,18.3,18.3,5.7,43.77,0,0,,0,0,44.6,16.6,323,88.5,10,74,0.3,1,10,Partially cloudy,partly-cloudy-day,"94767099999,94766099999,95765099999,D5330,94768099999,94759099999,94765099999"
Sydney,2022-11-21T08:00:00,19.4,19.4,6,41.56,0,0,,0,0,59.8,23.5,308,100,10,146,0.5,1,10,Overcast,cloudy,"94767099999,94766099999,95765099999,D5330,94768099999,94759099999,94765099999"
Sydney,2022-11-21T09:00:00,21.9,21.9,5.4,34.19,0,0,,0,0,61.9,33.4,290,10,30,378,1.4,4,10,Clear,clear-day,"94767099999,94766099999,95765099999,D5330,94768099999,94759099999,94765099999"
Sydney,2022-11-21T10:00:00,23.1,23.1,6,33.14,0,0,,0,0,54.7,38.2,283,0.9,10,545,2,5,10,Clear,clear-day,"94767099999,94766099999,95765099999,D5330,94768099999,94759099999,94765099999"
Sydney,2022-11-21T11:00:00,23.5,23.5,6.1,32.57,0,0,,0,0,54.4,39.3,273,2.9,10,800,2.9,8,10,Clear,clear-day,"94767099999,94766099999,95765099999,D5330,94768099999,94759099999,94765099999"
Sydney,2022-11-21T12:00:00,23.3,23.3,5.1,30.79,0,0,,0,0,55.1,38,275,38.5,30,958,3.4,10,10,Partially cloudy,partly-cloudy-day,"94767099999,94766099999,95765099999,D5330,94768099999,94759099999,94765099999"
Sydney,2022-11-21T13:00:00,23.6,23.6,5.5,30.98,0,0,,0,0,55.8,37.2,260,4.2,10,742,2.7,7,10,Clear,clear-day,"94767099999,94766099999,95765099999,D5330,94768099999,94759099999,94765099999"
Sydney,2022-11-21T14:00:00,23.5,23.5,6,32.33,0,0,,0,0,52.2,35.2,271,4.9,10,192,0.7,2,10,Clear,clear-day,"94767099999,94766099999,95765099999,D5330,94768099999,94759099999,94765099999"
Sydney,2022-11-21T15:00:00,22.3,22.3,4.3,30.93,0,0,,0,0,55.4,37.7,266,30,30,85,0.3,1,10,Partially cloudy,partly-cloudy-day,"94767099999,94766099999,95765099999,D5330,94768099999,94759099999,94765099999"
Sydney,2022-11-21T16:00:00,21.7,21.7,4.6,32.58,0,0,,0,0,53.3,36.9,280,2.4,10,76,0.3,1,10,Clear,clear-day,"94767099999,94766099999,95765099999,D5330,94768099999,94759099999,94765099999"
Sydney,2022-11-21T17:00:00,21.1,21.1,2.9,30.26,0,0,,0,0,56.5,39.6,272,2.9,10,49,0.2,0,10,Clear,clear-day,"94767099999,94766099999,95765099999,D5330,94768099999,94759099999,94765099999"
Sydney,2022-11-21T18:00:00,19.9,19.9,1.6,29.69,0,0,,0,0,54.4,37.8,282,2.1,24.1,51,0.2,1,10,Clear,clear-day,"94767099999,94766099999,95765099999,D5330,94768099999,94759099999,94765099999"
Sydney,2022-11-21T19:00:00,18.6,18.6,2,32.96,0,0,,0,0,54,34.4,275,0,10,24,0.1,0,10,Clear,clear-day,"94767099999,94766099999,95765099999,D5330,94768099999,94759099999,94765099999"
Sydney,2022-11-21T20:00:00,17.1,17.1,2.1,36.36,0,0,,0,0,57.6,26,275,0,10,9,0,0,10,Clear,clear-night,"94767099999,94766099999,95765099999,D5330,94768099999,94759099999,94765099999"
Sydney,2022-11-21T21:00:00,16.1,16.1,1.9,38.41,0,0,,0,0,54.4,21.7,273,10,30,0,0,0,10,Clear,clear-night,"94767099999,94766099999,95765099999,94768099999,94759099999,94765099999"
Sydney,2022-11-21T22:00:00,15.6,15.6,2.9,42.54,0,0,,0,0,57.2,16.1,291,0,10,0,0,0,10,Clear,clear-night,"94767099999,94766099999,95765099999,94768099999,94759099999,94765099999"
Sydney,2022-11-21T23:00:00,15,15,2.9,44.18,0,0,,0,0,62.6,24.2,257,0,10,0,0,0,10,Clear,clear-night,"94767099999,94766099999,95765099999,94768099999,94759099999,94765099999"
Sydney,2022-11-22T00:00:00,13.8,13.8,4,51.52,0,0,,0,0,59,24.7,275,16.1,30,0,0,0,10,Clear,clear-night,"94767099999,94766099999,95765099999,94768099999,94759099999,94765099999"
Sydney,2022-11-22T01:00:00,13,13,4.5,56.23,0,0,,0,0,60.1,27.1,277,0,10,0,0,0,10,Clear,clear-night,"94767099999,94766099999,95765099999,94768099999,94759099999,94765099999"
Sydney,2022-11-22T02:00:00,12.5,12.5,3.8,55.37,0,0,,0,0,59.8,28,272,0,10,0,0,0,10,Clear,clear-night,"94767099999,94766099999,95765099999,94768099999,94759099999,94765099999"
Sydney,2022-11-22T03:00:00,12.3,12.3,3.2,53.58,0,0,,0,0,61.9,25,272,1.8,30,0,0,0,10,Clear,clear-night,"94767099999,94766099999,95765099999,94768099999,94759099999,94765099999"
Sydney,2022-11-22T04:00:00,12,12,2.9,53.75,0,0,,0,0,59.4,16.1,277,0.3,10,0,0,0,10,Clear,clear-night,"94767099999,94766099999,95765099999,94768099999,94759099999,94765099999"
Sydney,2022-11-22T05:00:00,11.8,11.8,2.7,53.77,0,0,,0,0,57.2,20.9,271,0,10,0,0,0,10,Clear,clear-night,"94767099999,94766099999,95765099999,94768099999,94759099999,94765099999"
Sydney,2022-11-22T06:00:00,11.8,11.8,2.3,52.08,0,0,,0,0,56.5,22.2,257,10,30,12,0,0,10,Clear,clear-day,"94767099999,94766099999,95765099999,D5330,94768099999,94759099999,94765099999"
Sydney,2022-11-22T07:00:00,12.4,12.4,2.4,50.54,0,0,,0,0,58.7,22.9,261,0,10,34,0.1,0,10,Clear,clear-day,"94767099999,94766099999,95765099999,D5330,94768099999,94759099999,94765099999"
Sydney,2022-11-22T08:00:00,13.3,13.3,1.1,43.35,0,0,,0,0,57.6,28.5,256,0.2,10,149,0.5,1,10,Clear,clear-day,"94767099999,94766099999,95765099999,D5330,94768099999,94759099999,94765099999"
Sydney,2022-11-22T09:00:00,15.3,15.3,2.2,41.09,0,0,,0,0,47.9,27.5,255,10,30,392,1.4,4,10,Clear,clear-day,"94767099999,94766099999,95765099999,D5330,94768099999,94759099999,94765099999"
Sydney,2022-11-22T10:00:00,16.6,16.6,1.4,35.79,0,0,,0,0,37.4,28.2,248,0,10,602,2.2,6,10,Clear,clear-day,"94767099999,94766099999,95765099999,D5330,94768099999,94759099999,94765099999"
Sydney,2022-11-22T11:00:00,18,18,1.9,33.89,0,0,,0,0,29.9,26.4,265,0,10,791,2.8,8,10,Clear,clear-day,"94767099999,94766099999,95765099999,D5330,94768099999,94759099999,94765099999"
Sydney,2022-11-22T12:00:00,19.9,19.9,3.7,34.32,0,0,,0,0,29.2,24.1,251,10,30,963,3.5,10,10,Clear,clear-day,"94767099999,94766099999,95765099999,D5330,94768099999,94759099999,94765099999"
Sydney,2022-11-22T13:00:00,21.4,21.4,2.1,28.03,0,0,,0,0,30.6,22.6,250,2.8,10,1041,3.7,10,10,Clear,clear-day,"94767099999,94766099999,95765099999,D5330,94768099999,94759099999,94765099999"
Sydney,2022-11-22T14:00:00,22.8,22.8,3.8,28.77,0,0,,0,0,29.2,27.2,255,5,10,220,0.8,2,10,Clear,clear-day,"94767099999,94766099999,95765099999,D5330,94768099999,94759099999,94765099999"
Sydney,2022-11-22T15:00:00,23.4,23.4,3.9,28.01,0,0,,0,0,30.2,24.1,252,10,30,61,0.2,1,10,Clear,clear-day,"94767099999,94766099999,95765099999,D5330,94768099999,94759099999,94765099999"
Sydney,2022-11-22T16:00:00,23.2,23.2,4.5,29.71,0,0,,0,0,31.7,23,251,5,10,57,0.2,1,10,Clear,clear-day,"94767099999,94766099999,95765099999,D5330,94768099999,94759099999,94765099999"
Sydney,2022-11-22T17:00:00,22.6,22.6,3.8,29.39,0,0,,0,0,29.5,22.3,259,5,10,51,0.2,1,10,Clear,clear-day,"94767099999,94766099999,95765099999,D5330,94768099999,94759099999,94765099999"
Sydney,2022-11-22T18:00:00,21.7,21.7,4.9,33.4,0,0,,0,0,29.2,23.2,262,3.5,10,42,0.2,0,10,Clear,clear-day,"94767099999,94766099999,95765099999,D5330,94768099999,94759099999,94765099999"
Sydney,2022-11-22T19:00:00,20.2,20.2,4.8,36.52,0,0,,0,0,32.4,22.7,258,0.9,10,30,0.1,0,10,Clear,clear-day,"94767099999,94766099999,95765099999,D5330,94768099999,94759099999,94765099999"
Sydney,2022-11-22T20:00:00,18.8,18.8,5.1,40.43,0,0,,0,0,37.8,22,258,0,10,11,0,0,10,Clear,clear-night,"94767099999,94766099999,95765099999,D5330,94768099999,94759099999,94765099999"
Sydney,2022-11-22T21:00:00,17.6,17.6,5.2,43.78,0,0,,0,0,35.3,16.4,265,10,30,0,0,0,10,Clear,clear-night,"94767099999,94766099999,95765099999,94768099999,94759099999,94765099999"
Sydney,2022-11-22T22:00:00,17.1,17.1,5.4,46,0,0,,0,0,33.1,15.8,274,0,10,0,0,0,10,Clear,clear-night,"94767099999,94766099999,95765099999,94768099999,94759099999,94765099999"
Sydney,2022-11-22T23:00:00,16.1,16.1,5.6,49.73,0,0,,0,0,32,14.5,280,16.3,10,0,0,0,10,Clear,clear-night,"94767099999,94766099999,95765099999,94768099999,94759099999,94765099999"
Sydney,2022-11-23T00:00:00,15.3,15.3,5.9,53.49,0,0,,0,0,29.5,9.4,291,0,30,0,0,0,10,Clear,clear-night,"94767099999,94766099999,95765099999,94768099999,94759099999,94765099999"
Sydney,2022-11-23T01:00:00,14.7,14.7,6.4,57.66,0,0,,0,0,27.4,9.3,283,0,10,0,0,0,10,Clear,clear-night,"94767099999,94766099999,95765099999,94768099999,94759099999,94765099999"
Sydney,2022-11-23T02:00:00,14.5,14.5,6,56.85,0,0,,0,0,23,12.3,298,0,10,0,0,0,10,Clear,clear-night,"94767099999,94766099999,95765099999,94768099999,94759099999,94765099999"
Sydney,2022-11-23T03:00:00,14.5,14.5,6.6,58.81,0,0,,0,0,16.9,14.2,298,0,30,0,0,0,10,Clear,clear-night,"94767099999,94766099999,95765099999,94768099999,94759099999,94765099999"
Sydney,2022-11-23T04:00:00,14,14,6.6,60.93,0,0,,0,0,14.4,13.3,281,0,10,0,0,0,10,Clear,clear-night,"94767099999,94766099999,95765099999,94768099999,94759099999,94765099999"
Sydney,2022-11-23T05:00:00,13.6,13.6,6.9,63.67,0,0,,0,0,13.3,15.2,302,0,10,0,0,0,10,Clear,clear-night,"94767099999,94766099999,95765099999,94768099999,94759099999,94765099999"
Sydney,2022-11-23T06:00:00,13.8,13.8,6.5,61.65,0,0,,0,0,13.3,12.7,314,10,30,17,0.1,0,10,Clear,clear-day,"94767099999,94766099999,95765099999,D5330,94768099999,94759099999,94765099999"
Sydney,2022-11-23T07:00:00,15.4,15.4,7,57.32,0,0,,0,0,15.5,16.3,287,0,10,61,0.2,1,10,Clear,clear-day,"94767099999,94766099999,95765099999,D5330,94768099999,94759099999,94765099999"
Sydney,2022-11-23T08:00:00,16.4,16.4,7.4,55.31,0,0,,0,0,25.6,22.4,277,0,10,127,0.5,1,10,Clear,clear-day,"94767099999,94766099999,95765099999,D5330,94768099999,94759099999,94765099999"
Sydney,2022-11-23T09:00:00,18.9,18.9,7.6,47.71,0,0,,0,0,26.6,25.3,267,10,30,343,1.2,3,10,Clear,clear-day,"94767099999,94766099999,95765099999,D5330,94768099999,94759099999,94765099999"
Sydney,2022-11-23T10:00:00,22,22,9.3,44.33,0,0,,0,0,24.8,24.7,255,0,10,593,2.1,6,10,Clear,clear-day,"94767099999,94766099999,95765099999,D5330,94768099999,94759099999,94765099999"
Sydney,2022-11-23T11:00:00,23.2,23.2,8.5,39.06,0,0,,0,0,22.3,27.8,245,0,10,798,2.9,8,10,Clear,clear-day,"94767099999,94766099999,95765099999,D5330,94768099999,94759099999,94765099999"
Sydney,2022-11-23T12:00:00,24.8,24.8,9.7,38.45,0,0,,0,0,20.9,27.6,268,10,30,919,3.3,9,10,Clear,clear-day,"94767099999,94766099999,95765099999,D5330,94768099999,94759099999,94765099999"
Sydney,2022-11-23T13:00:00,25.7,25.7,9,34.88,0,0,,0,0,20.9,22,264,2,10,1037,3.7,10,10,Clear,clear-day,"94767099999,94766099999,95765099999,D5330,94768099999,94759099999,94765099999"
Sydney,2022-11-23T14:00:00,26.5,26.5,8.5,32.18,0,0,,0,0,22,19.3,261,3.3,10,73,0.3,1,10,Clear,clear-day,"94767099999,94766099999,95765099999,D5330,94768099999,94759099999,94765099999"
Sydney,2022-11-23T15:00:00,27,26.5,8.6,31.36,0,0,,0,0,24.1,17.9,222,30,30,77,0.3,1,10,Partially cloudy,partly-cloudy-day,"94767099999,94766099999,95765099999,D5330,94768099999,94759099999,94765099999"
Sydney,2022-11-23T16:00:00,27.6,26.8,8.9,30.93,0,0,,0,0,23.4,15.6,254,23.1,10,90,0.3,1,10,Partially cloudy,partly-cloudy-day,"94767099999,94766099999,95765099999,D5330,94768099999,94759099999,94765099999"
Sydney,2022-11-23T17:00:00,25.8,25.8,11.6,41.05,0,0,,0,0,19.8,15.8,245,5.7,10,75,0.3,1,10,Clear,clear-day,"94767099999,94766099999,95765099999,D5330,94768099999,94759099999,94765099999"
Sydney,2022-11-23T18:00:00,23.4,23.4,11.8,48.14,0,0,,0,0,14.4,15.4,327,10,10,44,0.2,0,10,Clear,clear-day,"94767099999,94766099999,95765099999,D5330,94768099999,94759099999,94765099999"
Sydney,2022-11-23T19:00:00,21.8,21.8,11.6,52.46,0,0,,0,0,11.2,15.2,310,4.8,10,29,0.1,0,10,Clear,clear-day,"94767099999,94766099999,95765099999,D5330,94768099999,94759099999,94765099999"
Sydney,2022-11-23T20:00:00,20.5,20.5,10.9,54.06,0,0,,0,0,9,10.2,49,0,10,12,0,0,10,Clear,clear-night,"94767099999,94766099999,95765099999,D5330,94768099999,94759099999,94765099999"
Sydney,2022-11-23T21:00:00,19.7,19.7,10.7,56.1,0,0,,0,0,7.9,7.4,54,43.9,30,0,0,0,10,Partially cloudy,partly-cloudy-night,"94767099999,94766099999,95765099999,94768099999,94759099999,94765099999"
Sydney,2022-11-23T22:00:00,19.7,19.7,11,57.49,0,0,,0,0,11.2,3.8,323,0,10,0,0,0,10,Clear,clear-night,"94767099999,94766099999,95765099999,94768099999,94759099999,94765099999"
Sydney,2022-11-23T23:00:00,19.4,19.4,11.7,60.83,0,0,,0,0,6.8,14.3,165,0,10,0,0,0,10,Clear,clear-night,"94767099999,94766099999,95765099999,94768099999,94759099999,94765099999"
Sydney,2022-11-24T00:00:00,19.2,19.2,14.1,72.48,0,0,,0,0,10.1,11.3,159,47,30,0,0,0,10,Partially cloudy,partly-cloudy-night,"94767099999,94766099999,95765099999,94768099999,94759099999,94765099999"
Sydney,2022-11-24T01:00:00,18.3,18.3,14.7,79.61,0,0,rain,0,0,9.7,9,168,7.1,10,0,0,0,10,Clear,clear-night,"94767099999,94766099999,95765099999,94768099999,94759099999,94765099999"
Sydney,2022-11-24T02:00:00,17.5,17.5,14,80.13,0,0,,0,0,11.2,6.1,201,18.9,10,0,0,0,10,Clear,clear-night,"94767099999,94766099999,95765099999,94768099999,94759099999,94765099999"
Sydney,2022-11-24T03:00:00,17.3,17.3,14.5,83.81,0,0,,0,0,11.9,6,195,10,30,0,0,0,10,Clear,clear-night,"94767099999,94766099999,95765099999,94768099999,94759099999,94765099999"
Sydney,2022-11-24T04:00:00,16.5,16.5,14.3,86.86,0,0,,0,0,14.4,5.3,209,2.8,10,0,0,0,10,Clear,clear-night,"94767099999,94766099999,95765099999,94768099999,94759099999,94765099999"
Sydney,2022-11-24T05:00:00,15.9,15.9,14.4,90.96,0,0,,0,0,13.7,5.4,223,0,24.1,0,0,0,10,Clear,clear-night,"94767099999,94766099999,95765099999,94768099999,94759099999,94765099999"
Sydney,2022-11-24T06:00:00,15.7,15.7,14.2,90.77,0,0,,0,0,14.4,5.1,271,10,25,21,0.1,0,10,Clear,clear-day,"94767099999,94766099999,95765099999,D5330,94768099999,94759099999,94765099999"
Sydney,2022-11-24T07:00:00,17.7,17.7,14.2,79.96,0,0,,0,0,18,13,310,0,10,26,0.1,0,10,Clear,clear-day,"94767099999,D5330"
Sydney,2022-11-24T08:00:00,17.8,17.8,13.4,75.42,0,0,,0,0,15.5,13.2,238,0,10,152,0.5,2,10,Clear,clear-day,"94767099999,94766099999,95765099999,D5330,94768099999,94759099999,94765099999"
Sydney,2022-11-24T09:00:00,20.6,20.6,9.4,48.46,0,0,,0,0,11.9,13.6,242,10,30,367,1.3,4,10,Clear,clear-day,"94767099999,94766099999,95765099999,D5330,94768099999,94759099999,94765099999"
Sydney,2022-11-24T10:00:00,22.6,22.6,8.6,40.96,0,0,,0,0,11.2,13.8,230,0,10,629,2.3,6,10,Clear,clear-day,"94767099999,94766099999,95765099999,D5330,94768099999,94759099999,94765099999"
Sydney,2022-11-24T11:00:00,23.9,23.9,8.1,36.49,0,0,,0,0,12.6,11.5,215,0,10,790,2.8,8,10,Clear,clear-day,"94767099999,94766099999,95765099999,D5330,94768099999,94759099999,94765099999"
Sydney,2022-11-24T12:00:00,24.9,24.9,10.4,40.24,0,0,,0,0,14,15.7,353,16.1,30,976,3.5,10,10,Clear,clear-day,"94767099999,94766099999,95765099999,D5330,94768099999,94759099999,94765099999"
Sydney,2022-11-24T13:00:00,24.9,24.9,12,44.7,0,0,,0,0,15.8,18.2,134,0,10,966,3.5,10,10,Clear,clear-day,"94767099999,94766099999,95765099999,D5330,94768099999,94759099999,94765099999"
Sydney,2022-11-24T14:00:00,24.6,24.6,13.2,49.01,0,0,,0,0,16.9,19.4,119,0,10,77,0.3,1,10,Clear,clear-day,"94767099999,94766099999,95765099999,D5330,94768099999,94759099999,94765099999"
Sydney,2022-11-24T15:00:00,24.9,24.9,12.9,47.18,0,0,,0,0,15.5,21.9,114,10,30,63,0.2,1,10,Clear,clear-day,"94767099999,94766099999,95765099999,D5330,94768099999,94759099999,94765099999"
Sydney,2022-11-24T16:00:00,23.1,23.1,12.2,50.12,0,0,,0,0,19.4,22.3,100,2.2,10,55,0.2,1,3,Clear,clear-day,"94767099999,94766099999,95765099999,D5330,94768099999,94759099999,94765099999"
Sydney,2022-11-24T17:00:00,23,23,15.7,63.74,0,0,,0,0,19.8,22.8,90,3.9,10,87,0.3,1,3,Clear,clear-day,"94767099999,94766099999,95765099999,D5330,94768099999,94759099999,94765099999"
Sydney,2022-11-24T18:00:00,20.7,20.7,15,69.91,0,0,,0,0,21.2,23.8,89,40,10,81,0.3,1,3,Partially cloudy,partly-cloudy-day,"94767099999,94766099999,95765099999,D5330,94768099999,94759099999,94765099999"
Sydney,2022-11-24T19:00:00,19.6,19.6,15.1,75.59,0,0,,0,0,20.5,22.6,83,5,10,35,0.1,0,3,Clear,clear-day,"94767099999,94766099999,95765099999,D5330,94768099999,94759099999,94765099999"
Sydney,2022-11-24T20:00:00,18.9,18.9,15.2,79.19,0,0,,0,0,18.4,15.1,66,7.7,10,10,0,0,10,Clear,clear-night,"94767099999,94766099999,95765099999,D5330,94768099999,94759099999,94765099999"
Sydney,2022-11-24T21:00:00,18.7,18.7,15.6,82.53,0,0,,0,0,14.8,13.7,58,83.9,30,0,0,0,10,Partially cloudy,partly-cloudy-night,"94767099999,94766099999,95765099999,94768099999,94759099999,94765099999"
Sydney,2022-11-24T22:00:00,18.6,18.6,15.3,81,0,0,,0,0,16.6,12.2,64,76.7,10,0,0,0,10,Partially cloudy,partly-cloudy-night,"94767099999,94766099999,95765099999,94768099999,94759099999,94765099999"
Sydney,2022-11-24T23:00:00,18.8,18.8,15.8,82.91,0,0,,0,0,14.8,11.1,67,67.2,10,0,0,0,10,Partially cloudy,partly-cloudy-night,"94767099999,94766099999,95765099999,94768099999,94759099999,94765099999"
Sydney,2022-11-25T00:00:00,18.6,18.6,15.7,83.09,0,0,,0,0,10.1,9.4,40,91.5,25,0,0,0,10,Overcast,cloudy,"94767099999,94766099999,95765099999,94768099999,94759099999,94765099999"
Sydney,2022-11-25T01:00:00,18.2,18.2,15.9,86.29,0,0,,0,0,7.6,10.1,30,64.1,10,0,0,0,10,Partially cloudy,partly-cloudy-night,"94767099999,94766099999,95765099999,94768099999,94759099999,94765099999"
Sydney,2022-11-25T02:00:00,18.3,18.3,15.9,85.63,0,0,rain,0,0,5.8,6,14,78,10,0,0,0,10,Partially cloudy,partly-cloudy-night,"94767099999,94766099999,95765099999,94768099999,94759099999,94765099999"
Sydney,2022-11-25T03:00:00,17.8,17.8,15.6,87.03,0.01,100,rain,0,0,4.3,6.1,40,10,25,0,0,0,10,Rain,rain,"94767099999,94766099999,95765099999,94768099999,94759099999,94765099999"
Sydney,2022-11-25T04:00:00,17.4,17.4,15.7,89.33,0,0,,0,0,4.7,4.3,355,28.2,10,0,0,0,10,Partially cloudy,partly-cloudy-night,"94767099999,94766099999,95765099999,94768099999,94759099999,94765099999"
Sydney,2022-11-25T05:00:00,16.9,16.9,15.4,90.75,0,0,,0,0,5,0.2,350,8.2,10,0,0,0,10,Clear,clear-night,"94767099999,94766099999,95765099999,94768099999,94759099999,94765099999"
Sydney,2022-11-25T06:00:00,16.5,16.5,15.5,93.49,0,0,,0,0,8.6,4.9,338,10,20,20,0.1,0,10,Clear,clear-day,"94767099999,94766099999,95765099999,D5330,94768099999,94759099999,94765099999"
Sydney,2022-11-25T07:00:00,17.3,17.3,15.9,91.62,0,0,,0,0,10.4,6.7,348,2.3,10,79,0.3,1,10,Clear,clear-day,"94767099999,94766099999,95765099999,D5330,94768099999,94759099999,94765099999"
Sydney,2022-11-25T08:00:00,18.4,18.4,16,85.62,0,0,rain,0,0,10.8,8.4,344,0,10,109,0.4,1,10,Clear,clear-day,"94767099999,94766099999,95765099999,D5330,94768099999,94759099999,94765099999"
Sydney,2022-11-25T09:00:00,22.1,22.1,14.1,60.48,0,0,,0,0,9.4,11.2,300,50,10,390,1.4,4,10,Partially cloudy,partly-cloudy-day,"94767099999,D5330"
Sydney,2022-11-25T10:00:00,22.8,22.8,16.8,68.77,0,0,,0,0,9.4,6.6,344,5,10,596,2.1,6,10,Clear,clear-day,"94767099999,94766099999,95765099999,D5330,94768099999,94759099999,94765099999"
Sydney,2022-11-25T11:00:00,23.3,23.3,16.1,63.88,0,0,,0,0,13,11.8,331,4.6,10,763,2.7,8,10,Clear,clear-day,"94767099999,94766099999,95765099999,D5330,94768099999,94759099999,94765099999"
Sydney,2022-11-25T12:00:00,23,23,16.4,66.09,0,0,,0,0,17.3,21.7,52,30,25,944,3.4,9,10,Partially cloudy,partly-cloudy-day,"94767099999,94766099999,95765099999,D5330,94768099999,94759099999,94765099999"
Sydney,2022-11-25T13:00:00,23.5,23.5,17,67.13,0,0,,0,0,20.9,20.4,107,3,10,968,3.5,10,10,Clear,clear-day,"94767099999,94766099999,95765099999,D5330,94768099999,94759099999,94765099999"
Sydney,2022-11-25T14:00:00,23.2,23.2,16.8,67.16,0,0,,0,0,15.5,21,88,4.6,10,123,0.4,1,10,Clear,clear-day,"94767099999,94766099999,95765099999,D5330,94768099999,94759099999,94765099999"
Sydney,2022-11-25T15:00:00,23.5,23.5,16.6,65.03,0,0,,0,0,15.8,19.6,100,30,25,84,0.3,1,10,Partially cloudy,partly-cloudy-day,"94767099999,94766099999,95765099999,D5330,94768099999,94759099999,94765099999"
Sydney,2022-11-25T16:00:00,22.8,22.8,16.4,66.98,0,0,,0,0,16.2,20.6,112,5,10,68,0.2,1,10,Clear,clear-day,"94767099999,94766099999,95765099999,D5330,94768099999,94759099999,94765099999"
Sydney,2022-11-25T17:00:00,23.3,23.3,16.1,63.82,0,0,,0,0,14.4,19.1,125,5,10,64,0.2,1,10,Clear,clear-day,"94767099999,94766099999,95765099999,D5330,94768099999,94759099999,94765099999"
Sydney,2022-11-25T18:00:00,21.8,21.8,15.9,69.11,0,0,,0,0,13.7,15.5,100,30,10,51,0.2,1,10,Partially cloudy,partly-cloudy-day,"94767099999,94766099999,95765099999,D5330,94768099999,94759099999,94765099999"
Sydney,2022-11-25T19:00:00,20.2,20.2,15.8,75.62,0,0,,0,0,15.1,12.8,106,22.3,10,33,0.1,0,10,Partially cloudy,partly-cloudy-day,"94767099999,94766099999,95765099999,D5330,94768099999,94759099999,94765099999"
Sydney,2022-11-25T20:00:00,19.3,19.3,15.7,79.28,0,0,,0,0,15.8,12.2,125,13.3,10,7,0,0,10,Clear,clear-night,"94767099999,94766099999,95765099999,D5330,94768099999,94759099999,94765099999"
Sydney,2022-11-25T21:00:00,19,19,15.5,80.12,0,0,,0,0,12.2,13.2,138,60,30,0,0,0,10,Partially cloudy,partly-cloudy-night,"94767099999,94766099999,95765099999,94768099999,94759099999,94765099999"
Sydney,2022-11-25T22:00:00,18.7,18.7,15.7,82.76,0,0,,0,0,8.6,11.8,169,5,10,0,0,0,10,Clear,clear-night,"94767099999,94766099999,95765099999,94768099999,94759099999,94765099999"
Sydney,2022-11-25T23:00:00,18.8,18.8,15.8,82.64,0,0,rain,0,0,1.8,9.6,169,41.1,10,0,0,0,10,Partially cloudy,partly-cloudy-night,"94767099999,94766099999,95765099999,94768099999,94759099999,94765099999"
Sydney,2022-11-26T00:00:00,19,19,15.7,81.48,0,0,rain,0,0,1.8,6.7,154,63,25,0,0,0,10,Partially cloudy,partly-cloudy-night,"94767099999,94766099999,95765099999,94768099999,94759099999,94765099999"
Sydney,2022-11-26T01:00:00,18.1,18.1,14.9,81.47,0,0,rain,0,0,5.8,4.1,151,10.3,10,0,0,0,10,Clear,clear-night,"94767099999,94766099999,95765099999,94768099999,94759099999,94765099999"
Sydney,2022-11-26T02:00:00,18,18,15.4,84.61,0,0,rain,0,0,10.8,8.6,207,25.4,24.1,0,0,0,10,Partially cloudy,partly-cloudy-night,"94767099999,94766099999,95765099999,94768099999,94759099999,94765099999"
Sydney,2022-11-26T03:00:00,17.8,17.8,15.6,87.17,0,0,rain,0,0,20.9,8.4,208,43,25,0,0,0,10,Partially cloudy,partly-cloudy-night,"94767099999,94766099999,95765099999,94768099999,94759099999,94765099999"
Sydney,2022-11-26T04:00:00,18,18,16.3,89.91,0,0,,0,0,29.9,15.8,170,66.6,10,0,0,0,10,Partially cloudy,partly-cloudy-night,"94767099999,94766099999,95765099999,94768099999,94759099999,94765099999"
Sydney,2022-11-26T05:00:00,17.3,17.3,16.2,92.98,0,0,rain,0,0,29.2,17.4,171,51.5,10,0,0,0,10,Partially cloudy,partly-cloudy-night,"94767099999,94766099999,95765099999,94768099999,94759099999,94765099999"
Sydney,2022-11-26T06:00:00,17.1,17.1,15.6,90.56,0,0,,0,0,27.4,15,191,66.1,25,16,0.1,0,10,Partially cloudy,partly-cloudy-day,"94767099999,94766099999,95765099999,D5330,94768099999,94759099999,94765099999"
Sydney,2022-11-26T07:00:00,17.2,17.2,15,86.9,0,0,,0,0,24.5,14.7,186,18.1,10,56,0.2,1,10,Clear,clear-day,"94767099999,94766099999,95765099999,D5330,94768099999,94759099999,94765099999"
Sydney,2022-11-26T08:00:00,17.7,17.7,14,79.03,0,0,rain,0,0,21.2,21.5,161,36,10,135,0.5,1,10,Partially cloudy,partly-cloudy-day,"94767099999,94766099999,95765099999,D5330,94768099999,94759099999,94765099999"
Sydney,2022-11-26T09:00:00,19.1,19.1,13.5,69.9,0.534,100,rain,0,0,18.4,19.6,161,66.1,30,253,0.9,3,10,"Rain, Partially cloudy",rain,"94767099999,94766099999,95765099999,D5330,94768099999,94759099999,94765099999"
Sydney,2022-11-26T10:00:00,19.3,19.3,12.3,64.19,0,0,rain,0,0,18,20,151,52.8,10,540,1.9,5,10,Partially cloudy,partly-cloudy-day,"94767099999,94766099999,95765099999,D5330,94768099999,94759099999,94765099999"
Sydney,2022-11-26T11:00:00,21.3,21.3,12.1,55.54,0,0,,0,0,15.8,18.7,139,57.1,10,800,2.9,8,10,Partially cloudy,partly-cloudy-day,"94767099999,94766099999,95765099999,D5330,94768099999,94759099999,94765099999"
Sydney,2022-11-26T12:00:00,22.4,22.4,13.4,56.9,0,0,,0,0,13.7,18.8,131,31.5,30,938,3.4,9,10,Partially cloudy,partly-cloudy-day,"94767099999,94766099999,95765099999,D5330,94768099999,94759099999,94765099999"
Sydney,2022-11-26T13:00:00,21.8,21.8,11.6,52.57,0,0,,0,0,12.6,19.6,109,29.1,10,792,2.9,8,10,Partially cloudy,partly-cloudy-day,"94767099999,94766099999,95765099999,D5330,94768099999,94759099999,94765099999"
Sydney,2022-11-26T14:00:00,22.6,22.6,12.4,52.51,0,0,,0,0,10.8,21.2,118,29.5,10,84,0.3,1,10,Partially cloudy,partly-cloudy-day,"94767099999,94766099999,95765099999,D5330,94768099999,94759099999,94765099999"
Sydney,2022-11-26T15:00:00,22.8,22.8,11.2,48.01,0.011,100,rain,0,0,11.2,19.5,104,30,35,84,0.3,1,10,"Rain, Partially cloudy",rain,"94767099999,94766099999,95765099999,D5330,94768099999,94759099999,94765099999"
Sydney,2022-11-26T16:00:00,22.5,22.5,12.3,52.66,0,0,,0,0,15.5,20.1,82,6.7,10,69,0.2,1,10,Clear,clear-day,"94767099999,94766099999,95765099999,D5330,94768099999,94759099999,94765099999"
Sydney,2022-11-26T17:00:00,21.2,21.2,11.9,55.23,0,0,,0,0,16.6,17.2,68,100,24.1,94,0.3,1,10,Overcast,cloudy,"94767099999,94766099999,95765099999,D5330,94768099999,94759099999,94765099999"
Sydney,2022-11-26T18:00:00,20.1,20.1,12.4,61.21,0,0,,0,0,19.8,18.3,56,100,10,89,0.3,1,10,Overcast,cloudy,"94767099999,94766099999,95765099999,D5330,94768099999,94759099999,94765099999"
Sydney,2022-11-26T19:00:00,18.9,18.9,12.8,67.62,0,0,,0,0,22.7,18,50,100,10,56,0.2,1,10,Overcast,cloudy,"94767099999,94766099999,95765099999,D5330,94768099999,94759099999,94765099999"
Sydney,2022-11-26T20:00:00,18.2,18.2,12.7,70.1,0,0,,0,0,24.1,16.2,44,58.1,10,18,0.1,0,10,Partially cloudy,partly-cloudy-night,"94767099999,94766099999,95765099999,D5330,94768099999,94759099999,94765099999"
Sydney,2022-11-26T21:00:00,17.9,17.9,13.2,74.03,0,0,,0,0,23,14.1,16,30,30,0,0,0,10,Partially cloudy,partly-cloudy-night,"94767099999,94766099999,95765099999,94768099999,94759099999,94765099999"
Sydney,2022-11-26T22:00:00,17.6,17.6,13.7,77.64,0,0,,0,0,22,13.3,5,0.1,10,0,0,0,10,Clear,clear-night,"94767099999,94766099999,95765099999,94768099999,94759099999,94765099999"
Sydney,2022-11-26T23:00:00,17.4,17.4,13.5,78,0,0,,0,0,25.9,10,356,19,10,0,0,0,10,Clear,clear-night,"94767099999,94766099999,95765099999,94768099999,94759099999,94765099999"
Sydney,2022-11-27T00:00:00,17.4,17.4,13.5,78.19,0,0,,0,0,26.6,12.6,7,40,30,0,0,0,10,Partially cloudy,partly-cloudy-night,"94767099999,94766099999,95765099999,94768099999,94759099999,94765099999"
Sydney,2022-11-27T01:00:00,17.4,17.4,14,80.59,0,0,,0,0,25.2,12.4,13,100,10,0,0,0,10,Overcast,cloudy,"94767099999,94766099999,95765099999,94768099999,94759099999,94765099999"
Sydney,2022-11-27T02:00:00,17.3,17.3,14,80.76,0,0,,0,0,26.3,12.1,4,99.2,10,0,0,0,10,Overcast,cloudy,"94767099999,94766099999,95765099999,94768099999,94759099999,94765099999"
Sydney,2022-11-27T03:00:00,17.2,17.2,14.2,82.64,0,0,,0,0,23.8,13.1,9,57.6,30,0,0,0,10,Partially cloudy,partly-cloudy-night,"94767099999,94766099999,95765099999,94768099999,94759099999,94765099999"
Sydney,2022-11-27T04:00:00,17.3,17.3,14.2,81.92,0,0,,0,0,24.5,12.5,3,100,10,0,0,0,10,Overcast,cloudy,"94767099999,94766099999,95765099999,94768099999,94759099999,94765099999"
Sydney,2022-11-27T05:00:00,17.1,17.1,14.5,84.47,0,0,,0,0,15.1,10.9,355,99.7,10,0,0,0,10,Overcast,cloudy,"94767099999,94766099999,95765099999,94768099999,94759099999,94765099999"
Sydney,2022-11-27T06:00:00,17.1,17.1,14.5,84.5,0,0,,0,0,12.2,8.5,337,91.5,30,21,0.1,0,10,Overcast,cloudy,"94767099999,94766099999,95765099999,D5330,94768099999,94759099999,94765099999"
Sydney,2022-11-27T07:00:00,17.7,17.7,14.5,81.57,0,0,,0,0,13.3,8.3,349,78.4,10,65,0.2,1,10,Partially cloudy,partly-cloudy-day,"94767099999,94766099999,95765099999,D5330,94768099999,94759099999,94765099999"
Sydney,2022-11-27T08:00:00,18.9,18.9,14.9,77.6,0,0,,0,0,19.4,8.4,319,55.9,10,139,0.5,1,5,Partially cloudy,partly-cloudy-day,"94767099999,94766099999,95765099999,D5330,94768099999,94759099999,94765099999"
Sydney,2022-11-27T09:00:00,21.1,21.1,14.1,64.3,0,0,,0,0,17.3,13,330,39.8,10,182,0.7,2,5,Partially cloudy,partly-cloudy-day,"94767099999,D5330"
Sydney,2022-11-27T10:00:00,22.3,22.3,16,67.26,0,0,,0,0,20.5,11.1,351,99.3,10,424,1.5,4,3,Overcast,cloudy,"94767099999,94766099999,95765099999,D5330,94768099999,94759099999,94765099999"
Sydney,2022-11-27T11:00:00,23.7,23.7,16.1,62.46,0,0,,0,0,18.7,7.3,279,100,10,283,1,3,3,Overcast,cloudy,"94767099999,94766099999,95765099999,D5330,94768099999,94759099999,94765099999"
Sydney,2022-11-27T12:00:00,23.9,23.9,16.5,63.41,0,0,,0,0,21.6,8.1,196,97,25,281,1,3,10,Overcast,cloudy,"94767099999,94766099999,95765099999,D5330,94768099999,94759099999,94765099999"
Sydney,2022-11-27T13:00:00,25.4,25.4,17.8,63.03,0,0,,0,0,16.9,7.9,92,100,10,470,1.7,5,3,Overcast,cloudy,"94767099999,94766099999,95765099999,D5330,94768099999,94759099999,94765099999"
Sydney,2022-11-27T14:00:00,24.8,24.8,17.4,63.51,0,0,,0,0,25.2,12.9,117,100,24.1,302,1.1,3,5,Overcast,cloudy,"94767099999,94766099999,95765099999,D5330,94768099999,94759099999,94765099999"
Sydney,2022-11-27T15:00:00,25.3,25.3,18.1,64.62,0,0,,0,0,18,15.1,66,43.9,30,178,0.6,2,3,Partially cloudy,partly-cloudy-day,"94767099999,94766099999,95765099999,D5330,94768099999,94759099999,94765099999"
Sydney,2022-11-27T16:00:00,24.3,24.3,17.1,63.84,0,0,,0,0,15.1,16.5,47,5.4,10,154,0.6,2,10,Clear,clear-day,"94767099999,94766099999,95765099999,D5330,94768099999,94759099999,94765099999"
Sydney,2022-11-27T17:00:00,24.8,24.8,17.7,64.64,0,0,rain,0,0,16.9,13.7,53,100,22.7,158,0.6,2,10,Overcast,cloudy,"94767099999,94766099999,95765099999,D5330,94768099999,94759099999,94765099999"
Sydney,2022-11-27T18:00:00,24.6,24.6,18.9,70.52,0,0,,0,0,18,9.8,357,54.6,10,61,0.2,1,5,Partially cloudy,partly-cloudy-day,"94767099999,94766099999,95765099999,D5330,94768099999,94759099999,94765099999"
Sydney,2022-11-27T19:00:00,23.3,23.3,18,72.15,0,0,,0,0,23.8,7.8,22,97.5,10,22,0.1,0,5,Overcast,cloudy,"94767099999,94766099999,95765099999,D5330,94768099999,94759099999,94765099999"
Sydney,2022-11-27T20:00:00,20.6,20.6,16.8,78.48,0,0,,0,0,29.5,14.3,321,100,10,1,0,0,5,Overcast,cloudy,"94767099999,94766099999,95765099999,D5330,94768099999,94759099999,94765099999"
Sydney,2022-11-27T21:00:00,20,20,18,88.23,3.827,100,rain,0,0,10.1,7.6,17,91.5,25,0,0,0,5,"Rain, Overcast",rain,"94767099999,94766099999,95765099999,94768099999,94759099999,94765099999"
Sydney,2022-11-27T22:00:00,19.6,19.6,17.5,87.6,0,0,,0,0,15.1,6.9,293,98.7,8,0,0,0,5,Overcast,cloudy,"94767099999,94766099999,95765099999,94768099999,94759099999,94765099999"
Sydney,2022-11-27T23:00:00,19.9,19.9,16.8,82.33,0,0,,0,0,10.8,20.5,203,100,10,0,0,0,3,Overcast,cloudy,"94767099999,94766099999,95765099999,94768099999,94759099999,94765099999"
Sydney,2022-11-28T00:00:00,18.3,18.3,17.3,93.95,0,0,,0,0,12.6,17.7,132,91.5,6.7,0,0,0,3,Overcast,cloudy,"94767099999,94766099999,95765099999,94768099999,94759099999,94765099999"
Sydney,2022-11-28T01:00:00,18,18,17.3,95.41,0,0,rain,0,0,27.4,23.1,148,51.4,10,0,0,0,5,Partially cloudy,partly-cloudy-night,"94767099999,94766099999,95765099999,94768099999,94759099999,94765099999"
Sydney,2022-11-28T02:00:00,17.6,17.6,16.6,93.7,0,0,,0,0,27,18.9,178,68.7,10,0,0,0,3,Partially cloudy,partly-cloudy-night,"94767099999,94766099999,95765099999,94768099999,94759099999,94765099999"
Sydney,2022-11-28T03:00:00,17.5,17.5,16.5,93.75,5.066,100,rain,0,0,35.6,13.8,178,91.5,12,0,0,0,10,"Rain, Overcast",rain,"94767099999,94766099999,95765099999,94768099999,94759099999,94765099999"
Sydney,2022-11-28T04:00:00,17.3,17.3,16.2,93.26,0,0,,0,0,34.2,13.9,192,59.3,10,0,0,0,10,Partially cloudy,partly-cloudy-night,"94767099999,94766099999,95765099999,94768099999,94759099999,94765099999"
Sydney,2022-11-28T05:00:00,17.3,17.3,16,92.01,0,0,,0,0,32,16.6,188,85.1,10,0,0,0,10,Partially cloudy,partly-cloudy-night,"94767099999,94766099999,95765099999,94768099999,94759099999,94765099999"
Sydney,2022-11-28T06:00:00,17.4,17.4,15.9,91.39,0,0,,0,0,27.7,13.1,179,91.5,20,5,0,0,10,Overcast,cloudy,"94767099999,94766099999,95765099999,D5330,94768099999,94759099999,94765099999"
Sydney,2022-11-28T07:00:00,17.6,17.6,15.9,89.7,0,0,,0,0,22.7,14.2,169,94.6,10,29,0.1,0,10,Overcast,cloudy,"94767099999,94766099999,95765099999,D5330,94768099999,94759099999,94765099999"
Sydney,2022-11-28T08:00:00,18.3,18.3,16,86.23,0,0,,0,0,18,12.1,174,100,10,74,0.3,1,10,Overcast,cloudy,"94767099999,94766099999,95765099999,D5330,94768099999,94759099999,94765099999"
Sydney,2022-11-28T09:00:00,19.1,19.1,16.1,82.76,0,0,rain,0,0,15.5,16.6,180,90,10,241,0.9,2,10,Partially cloudy,partly-cloudy-day,"94767099999,D5330"
Sydney,2022-11-28T10:00:00,19.6,19.6,15.7,78.25,0,0,rain,0,0,12.2,15.7,163,100,10,225,0.8,2,10,Overcast,cloudy,"94767099999,94766099999,95765099999,D5330,94768099999,94759099999,94765099999"
Sydney,2022-11-28T11:00:00,20.4,20.4,15.7,74.56,0,0,,0,0,9,16.2,159,32.8,10,304,1.1,3,10,Partially cloudy,partly-cloudy-day,"94767099999,94766099999,95765099999,D5330,94768099999,94759099999,94765099999"
Sydney,2022-11-28T12:00:00,21.5,21.5,16,70.96,0,0,,0,0,9.7,19,117,58.5,25,452,1.6,5,10,Partially cloudy,partly-cloudy-day,"94767099999,94766099999,95765099999,D5330,94768099999,94759099999,94765099999"
Sydney,2022-11-28T13:00:00,22.1,22.1,16.4,70.33,0,0,,0,0,10.4,17.8,112,62.5,10,404,1.5,4,10,Partially cloudy,partly-cloudy-day,"94767099999,94766099999,95765099999,D5330,94768099999,94759099999,94765099999"
Sydney,2022-11-28T14:00:00,22.1,22.1,15.2,65,0,0,,0,0,11.2,21.6,100,54.9,10,274,1,3,3,Partially cloudy,partly-cloudy-day,"94767099999,94766099999,95765099999,D5330,94768099999,94759099999,94765099999"
Sydney,2022-11-28T15:00:00,22.4,22.4,15.2,63.59,0.016,100,rain,0,0,14.8,22.5,108,83,30,214,0.8,2,5,"Rain, Partially cloudy",rain,"94767099999,94766099999,95765099999,D5330,94768099999,94759099999,94765099999"
Sydney,2022-11-28T16:00:00,23,23,15.8,64.07,0,0,,0,0,14,20.1,102,28.4,24.1,162,0.6,2,3,Partially cloudy,partly-cloudy-day,"94767099999,94766099999,95765099999,D5330,94768099999,94759099999,94765099999"
Sydney,2022-11-28T17:00:00,21.9,21.9,14.9,64.24,0,0,,0,0,10.4,18.5,91,38.9,10,74,0.3,1,10,Partially cloudy,partly-cloudy-day,"94767099999,94766099999,95765099999,D5330,94768099999,94759099999,94765099999"
Sydney,2022-11-28T18:00:00,20.8,20.8,14.6,67.88,0,0,,0,0,11.5,17.7,84,35.4,24.1,55,0.2,1,10,Partially cloudy,partly-cloudy-day,"94767099999,94766099999,95765099999,D5330,94768099999,94759099999,94765099999"
Sydney,2022-11-28T19:00:00,19.4,19.4,14.2,71.96,0,0,,0,0,10.4,15.2,91,68.9,10,37,0.1,0,10,Partially cloudy,partly-cloudy-day,"94767099999,94766099999,95765099999,D5330,94768099999,94759099999,94765099999"
Sydney,2022-11-28T20:00:00,18.5,18.5,14.8,78.87,0,0,,0,0,11.5,13.1,69,35,10,15,0.1,0,10,Partially cloudy,partly-cloudy-night,"94767099999,94766099999,95765099999,D5330,94768099999,94759099999,94765099999"
Sydney,2022-11-28T21:00:00,18.2,18.2,15,81.52,0,0,,0,0,11.2,10.1,66,27,25,0,0,0,10,Partially cloudy,partly-cloudy-night,"94767099999,94766099999,95765099999,94768099999,94759099999,94765099999"
Sydney,2022-11-28T22:00:00,17.9,17.9,15.2,83.98,0,0,rain,0,0,7.9,5.4,57,9.4,10,0,0,0,10,Clear,clear-night,"94767099999,94766099999,95765099999,94768099999,94759099999,94765099999"
Sydney,2022-11-28T23:00:00,17.5,17.5,15,85.46,0,0,,0,0,6.8,5.6,42,11.9,10,0,0,0,10,Clear,clear-night,"94767099999,94766099999,95765099999,94768099999,94759099999,94765099999"
Sydney,2022-11-29T00:00:00,17.3,17.3,15.3,87.89,0,0,,0,0,8.6,3.9,22,91.5,25,0,0,0,10,Overcast,cloudy,"94767099999,94766099999,95765099999,94768099999,94759099999,94765099999"
Sydney,2022-11-29T01:00:00,17.7,17.7,15.3,85.97,0,0,,0,0,6.5,3.6,297,19.8,10,0,0,0,10,Clear,clear-night,"94767099999,94766099999,95765099999,94768099999,94759099999,94765099999"
Sydney,2022-11-29T02:00:00,17.1,17.1,15.2,89.04,0,0,,0,0,5,4.1,275,54.4,10,0,0,0,10,Partially cloudy,partly-cloudy-night,"94767099999,94766099999,95765099999,94768099999,94759099999,94765099999"
Sydney,2022-11-29T03:00:00,16.8,16.8,15.2,90.3,0,0,,0,0,7.6,3.4,264,10,25,0,0,0,10,Clear,clear-night,"94767099999,94766099999,95765099999,94768099999,94759099999,94765099999"
Sydney,2022-11-29T04:00:00,16.5,16.5,15.2,91.92,0,0,rain,0,0,9.4,6.6,247,89.9,10,0,0,0,10,Partially cloudy,partly-cloudy-night,"94767099999,94766099999,95765099999,94768099999,94759099999,94765099999"
Sydney,2022-11-29T05:00:00,16.1,16.1,14.5,89.93,0,0,rain,0,0,11.2,5.1,270,16.9,10,0,0,0,10,Clear,clear-night,"94767099999,94766099999,95765099999,94768099999,94759099999,94765099999"
Sydney,2022-11-29T06:00:00,15.9,15.9,14.4,90.88,0,0,,0,0,18,5.5,240,10,30,13,0,0,10,Clear,clear-day,"94767099999,94766099999,95765099999,D5330,94768099999,94759099999,94765099999"
Sydney,2022-11-29T07:00:00,17.6,17.6,10.4,62.66,0,0,,0,0,16.2,10.8,248,0,10,73,0.3,1,10,Clear,clear-day,"94767099999,94766099999,95765099999,D5330,94768099999,94759099999,94765099999"
Sydney,2022-11-29T08:00:00,18.5,18.5,7.6,48.9,0,0,,0,0,19.4,14.3,247,0,10,149,0.5,1,10,Clear,clear-day,"94767099999,94766099999,95765099999,D5330,94768099999,94759099999,94765099999"
Sydney,2022-11-29T09:00:00,21.1,21.1,7.1,40.33,0,0,,0,0,23.4,27.7,240,0,10,391,1.4,4,10,Clear,clear-day,"94767099999,D5330"
Sydney,2022-11-29T10:00:00,21.7,21.7,6.8,37.9,0,0,,0,0,23.8,16.3,216,0,10,594,2.1,6,10,Clear,clear-day,"94767099999,94766099999,95765099999,D5330,94768099999,94759099999,94765099999"
Sydney,2022-11-29T11:00:00,23.2,23.2,7.8,37.25,0,0,,0,0,21.2,17.5,185,0,10,798,2.9,8,10,Clear,clear-day,"94767099999,94766099999,95765099999,D5330,94768099999,94759099999,94765099999"
Sydney,2022-11-29T12:00:00,23.5,23.5,5.8,31.91,0,0,,0,0,22.3,24.4,138,10,40,980,3.5,10,10,Clear,clear-day,"94767099999,94766099999,95765099999,D5330,94768099999,94759099999,94765099999"
Sydney,2022-11-29T13:00:00,23.8,23.8,5.9,31.46,0,0,,0,0,22.3,29,139,0,10,755,2.7,8,10,Clear,clear-day,"94767099999,94766099999,95765099999,D5330,94768099999,94759099999,94765099999"
Sydney,2022-11-29T14:00:00,23.3,23.3,7.9,37.21,0,0,,0,0,22.3,29,137,0,10,68,0.2,1,10,Clear,clear-day,"94767099999,94766099999,95765099999,D5330,94768099999,94759099999,94765099999"
Sydney,2022-11-29T15:00:00,23.3,23.3,12.8,51.79,0,0,,0,0,23.4,29.6,135,10,25,63,0.2,1,10,Clear,clear-day,"94767099999,94766099999,95765099999,D5330,94768099999,94759099999,94765099999"
Sydney,2022-11-29T16:00:00,22.8,22.8,13.5,55.91,0,0,,0,0,23.4,28.4,124,0,10,79,0.3,1,10,Clear,clear-day,"94767099999,94766099999,95765099999,D5330,94768099999,94759099999,94765099999"
Sydney,2022-11-29T17:00:00,20.1,20.1,11.7,58.71,0,0,,0,0,24.8,25.5,133,0,10,79,0.3,1,10,Clear,clear-day,"94767099999,94766099999,95765099999,D5330,94768099999,94759099999,94765099999"
Sydney,2022-11-29T18:00:00,19.8,19.8,11.6,59.01,0,0,,0,0,25.2,24.6,133,40,10,71,0.3,1,10,Partially cloudy,partly-cloudy-day,"94767099999,94766099999,95765099999,D5330,94768099999,94759099999,94765099999"
Sydney,2022-11-29T19:00:00,18.6,18.6,11.2,62.24,0,0,,0,0,25.6,24.3,125,2.6,10,56,0.2,1,10,Clear,clear-day,"94767099999,94766099999,95765099999,D5330,94768099999,94759099999,94765099999"
Sydney,2022-11-29T20:00:00,18.3,18.3,11.5,64.28,0,0,,0,0,27,22.1,120,13,10,12,0,0,10,Clear,clear-night,"94767099999,94766099999,95765099999,D5330,94768099999,94759099999,94765099999"
Sydney,2022-11-29T21:00:00,18,18,10.1,59.79,0,0,,0,0,25.6,22,111,91.5,25,0,0,0,10,Overcast,cloudy,"94767099999,94766099999,95765099999,94768099999,94759099999,94765099999"
Sydney,2022-11-29T22:00:00,17.9,17.9,8.4,54.05,0,0,,0,0,22,19,117,41.8,10,0,0,0,10,Partially cloudy,partly-cloudy-night,"94767099999,94766099999,95765099999,94768099999,94759099999,94765099999"
Sydney,2022-11-29T23:00:00,17.9,17.9,8.4,54.08,0,0,,0,0,19.4,16.4,110,44.9,10,0,0,0,10,Partially cloudy,partly-cloudy-night,"94767099999,94766099999,95765099999,94768099999,94759099999,94765099999"
Sydney,2022-11-30T00:00:00,17.8,17.8,9.2,56.96,0,0,rain,0,0,17.6,16.2,108,91.5,25,0,0,0,10,Overcast,cloudy,"94767099999,94766099999,95765099999,94768099999,94759099999,94765099999"
Sydney,2022-11-30T01:00:00,17.6,17.6,10.5,63.01,0,0,rain,0,0,16.2,12.2,89,21.1,10,0,0,0,10,Partially cloudy,partly-cloudy-night,"94767099999,94766099999,95765099999,94768099999,94759099999,94765099999"
Sydney,2022-11-30T02:00:00,17.6,17.6,10.9,64.6,0,0,,0,0,14.4,9.9,87,18.4,10,0,0,0,10,Clear,clear-night,"94767099999,94766099999,95765099999,94768099999,94759099999,94765099999"
Sydney,2022-11-30T03:00:00,17.4,17.4,10.8,65.18,0,0,,0,0,13,12.1,83,100,13,0,0,0,10,Overcast,cloudy,"94767099999,94766099999,95765099999,94768099999,94759099999,94765099999"
Sydney,2022-11-30T04:00:00,16.2,16.2,11.8,75.09,0,0,,0,0,10.8,10.4,89,14.2,10,0,0,0,10,Clear,clear-night,"94767099999,94766099999,95765099999,94768099999,94759099999,94765099999"
Sydney,2022-11-30T05:00:00,16.3,16.3,11.2,71.64,0,0,,0,0,10.1,8.6,125,7.9,10,0,0,0,10,Clear,clear-night,"94767099999,94766099999,95765099999,94768099999,94759099999,94765099999"
Sydney,2022-11-30T06:00:00,16,16,12.2,77.9,0,0,,0,0,8.6,10,104,91.5,9,3,0,0,10,Overcast,cloudy,"94767099999,94766099999,95765099999,D5330,94768099999,94759099999,94765099999"
Sydney,2022-11-30T07:00:00,16.6,16.6,12.6,77.56,0,0,,0,0,9.7,9.4,132,0,10,23,0.1,0,10,Clear,clear-day,"94767099999,94766099999,95765099999,D5330,94768099999,94759099999,94765099999"
Sydney,2022-11-30T08:00:00,18,18,12.4,69.86,0,0,,0,0,8.3,4.8,111,0.6,10,158,0.6,2,10,Clear,clear-day,"94767099999,94766099999,95765099999,D5330,94768099999,94759099999,94765099999"
Sydney,2022-11-30T09:00:00,20.1,20.1,10.1,52.55,0,0,,0,0,9,9.4,120,90,10,240,0.9,2,10,Partially cloudy,partly-cloudy-day,"94767099999,D5330"
Sydney,2022-11-30T10:00:00,19.5,19.5,10.9,57.59,0,0,,0,0,11.2,12.5,33,25,10,195,0.7,2,10,Partially cloudy,partly-cloudy-day,"94767099999,94766099999,95765099999,D5330,94768099999,94759099999,94765099999"
Sydney,2022-11-30T11:00:00,20.3,20.3,10.9,54.9,0,0,,0,0,12.2,12.5,67,29.6,10,355,1.3,4,10,Partially cloudy,partly-cloudy-day,"94767099999,94766099999,95765099999,D5330,94768099999,94759099999,94765099999"
Sydney,2022-11-30T12:00:00,20.1,20.1,11.1,56.17,0,0,,0,0,14.8,16.5,43,91.5,22,345,1.2,3,10,Overcast,cloudy,"94767099999,94766099999,95765099999,D5330,94768099999,94759099999,94765099999"
Sydney,2022-11-30T13:00:00,21.8,21.8,12.8,56.62,0,0,,0,0,16.2,18.3,61,15,10,386,1.4,4,10,Clear,clear-day,"94767099999,94766099999,95765099999,D5330,94768099999,94759099999,94765099999"
Sydney,2022-11-30T14:00:00,21.3,21.3,11.9,54.89,0,0,,0,0,16.2,19.2,57,48.3,10,401,1.4,4,10,Partially cloudy,partly-cloudy-day,"94767099999,94766099999,95765099999,D5330,94768099999,94759099999,94765099999"
Sydney,2022-11-30T15:00:00,20.5,20.5,11.5,56.01,0.011,100,rain,0,0,16.9,19.1,57,91.5,22,302,1.1,3,10,"Rain, Overcast",rain,"94767099999,94766099999,95765099999,D5330,94768099999,94759099999,94765099999"
Sydney,2022-11-30T16:00:00,21.1,21.1,11.9,55.7,0,0,,0,0,19.1,20,57,100,10,271,1,3,10,Overcast,cloudy,"94767099999,94766099999,95765099999,D5330,94768099999,94759099999,94765099999"
Sydney,2022-11-30T17:00:00,19.4,19.4,10.9,57.84,0,0,,0,0,19.4,19.2,65,100,10,132,0.5,1,10,Overcast,cloudy,"94767099999,94766099999,95765099999,D5330,94768099999,94759099999,94765099999"
Sydney,2022-11-30T18:00:00,20.1,20.1,11.6,57.93,0,0,,0,0,22.7,21.4,71,17.6,10,97,0.3,1,10,Clear,clear-day,"94767099999,94766099999,95765099999,D5330,94768099999,94759099999,94765099999"
Sydney,2022-11-30T19:00:00,18.4,18.4,11.9,66.06,0,0,,0,0,23.4,18.3,62,99.5,10,44,0.2,0,10,Overcast,cloudy,"94767099999,94766099999,95765099999,D5330,94768099999,94759099999,94765099999"
Sydney,2022-11-30T20:00:00,18.2,18.2,12,67.08,0,0,,0,0,26.3,16.9,46,100,10,11,0,0,10,Overcast,cloudy,"94767099999,94766099999,95765099999,D5330,94768099999,94759099999,94765099999"
Sydney,2022-11-30T21:00:00,17.9,17.9,12,68.31,0,0,,0,0,24.8,14.9,51,90,25,0,0,0,10,Partially cloudy,partly-cloudy-night,"94767099999,94766099999,95765099999,94768099999,94759099999,94765099999"
Sydney,2022-11-30T22:00:00,18.1,18.1,12,67.71,0,0,,0,0,22.3,12.9,51,100,10,0,0,0,10,Overcast,cloudy,"94767099999,94766099999,95765099999,94768099999,94759099999,94765099999"
Sydney,2022-11-30T23:00:00,17.9,17.9,11.6,66.52,0,0,,0,0,19.1,9.9,48,100,10,0,0,0,10,Overcast,cloudy,"94767099999,94766099999,95765099999,94768099999,94759099999,94765099999"
